pid,seg_idx,teacher_path,A_teacher,V_teacher,A_true,V_true
4,0,pid_04/seg_00000.npz,-0.1439255028963089,0.07473201304674149,0.0,0.0
4,1,pid_04/seg_00001.npz,-0.1007620096206665,0.15421999990940094,0.0,0.0
4,2,pid_04/seg_00002.npz,-0.007079671137034893,0.17804177105426788,0.0,0.0
4,3,pid_04/seg_00003.npz,-0.16002357006072998,0.12807676196098328,0.0,0.0
4,4,pid_04/seg_00004.npz,-0.10089147090911865,0.1568651795387268,0.0,0.0
4,5,pid_04/seg_00005.npz,-0.031381212174892426,0.16431349515914917,-0.5,0.0
4,6,pid_04/seg_00006.npz,-0.04593842104077339,0.1473858654499054,0.0,0.0
4,7,pid_04/seg_00007.npz,-0.08158820122480392,0.13374044001102448,0.0,0.0
4,8,pid_04/seg_00008.npz,-0.057128384709358215,0.18505017459392548,-0.5,0.0
4,9,pid_04/seg_00009.npz,0.15107965469360352,0.15145815908908844,-0.5,0.0
4,10,pid_04/seg_00010.npz,0.008736981078982353,0.15776075422763824,-0.5,0.0
4,11,pid_04/seg_00011.npz,0.02708299644291401,0.15224215388298035,0.0,0.0
4,12,pid_04/seg_00012.npz,-0.08143262565135956,0.21394632756710052,0.0,0.0
4,13,pid_04/seg_00013.npz,-0.05245046690106392,0.17183825373649597,-0.5,0.0
4,14,pid_04/seg_00014.npz,-0.083636574447155,0.13760198652744293,0.0,0.0
4,15,pid_04/seg_00015.npz,-0.11722640693187714,0.09336383640766144,0.0,0.0
4,16,pid_04/seg_00016.npz,-0.06285848468542099,0.17506000399589539,-0.5,0.0
4,17,pid_04/seg_00017.npz,-0.24388760328292847,0.11412844061851501,0.0,0.0
4,18,pid_04/seg_00018.npz,-0.0514536090195179,0.25967422127723694,-0.5,0.0
4,19,pid_04/seg_00019.npz,-0.016465112566947937,0.2124294936656952,-0.5,0.0
4,20,pid_04/seg_00020.npz,-0.16899439692497253,0.16367754340171814,-0.5,0.0
4,21,pid_04/seg_00021.npz,-0.06629370152950287,0.20549745857715607,-0.5,0.0
4,22,pid_04/seg_00022.npz,-0.13001763820648193,0.16320432722568512,0.0,0.0
4,23,pid_04/seg_00023.npz,-0.012902037240564823,0.21738678216934204,0.0,0.0
4,24,pid_04/seg_00024.npz,-0.28930601477622986,0.09226293861865997,0.0,0.0
4,25,pid_04/seg_00025.npz,-0.33687758445739746,0.09742432087659836,0.0,0.0
4,26,pid_04/seg_00026.npz,-0.4083040952682495,0.09108785539865494,0.0,0.0
4,27,pid_04/seg_00027.npz,-0.21239307522773743,0.17751523852348328,0.0,0.0
4,28,pid_04/seg_00028.npz,-0.329367458820343,0.10812394320964813,0.0,0.0
4,29,pid_04/seg_00029.npz,-0.39578208327293396,0.11977635324001312,0.0,0.0
4,30,pid_04/seg_00030.npz,-0.11977232247591019,0.09553232043981552,0.0,0.0
4,31,pid_04/seg_00031.npz,-0.3386724591255188,0.055383648723363876,-0.5,0.0
4,32,pid_04/seg_00032.npz,-0.36987826228141785,0.07651945948600769,-0.5,0.0
4,33,pid_04/seg_00033.npz,-0.42802152037620544,0.06442471593618393,-0.5,0.0
4,34,pid_04/seg_00034.npz,-0.44012412428855896,0.05899845063686371,-0.5,0.0
4,35,pid_04/seg_00035.npz,-0.1376197189092636,0.15088629722595215,-0.5,0.0
4,36,pid_04/seg_00036.npz,-0.3628390431404114,0.057829324156045914,-0.5,0.0
4,37,pid_04/seg_00037.npz,-0.3530234098434448,0.05239831283688545,-0.5,0.0
4,38,pid_04/seg_00038.npz,-0.3753548562526703,0.06800186634063721,-0.5,0.0
4,39,pid_04/seg_00039.npz,-0.5723728537559509,0.08661520481109619,-0.5,0.0
4,40,pid_04/seg_00040.npz,-0.2629474103450775,0.0807274729013443,-0.5,0.0
4,41,pid_04/seg_00041.npz,-0.290368914604187,0.08478663861751556,-0.5,0.0
4,42,pid_04/seg_00042.npz,-0.3152250647544861,0.10716576129198074,-0.5,0.0
4,43,pid_04/seg_00043.npz,-0.19333621859550476,0.10701201856136322,0.5,0.0
4,44,pid_04/seg_00044.npz,-0.03595834597945213,0.15428850054740906,-0.5,0.0
4,45,pid_04/seg_00045.npz,-0.21017023921012878,0.09565236419439316,-0.5,0.0
4,46,pid_04/seg_00046.npz,-0.12189342826604843,0.10693662613630295,-0.5,0.0
4,47,pid_04/seg_00047.npz,-0.12465757876634598,0.13826943933963776,-0.5,0.0
4,48,pid_04/seg_00048.npz,-0.1290876567363739,0.11480077356100082,-0.5,0.0
4,49,pid_04/seg_00049.npz,-0.12428302317857742,0.11216077953577042,0.5,0.0
4,50,pid_04/seg_00050.npz,-0.16218161582946777,0.07246796786785126,0.5,0.0
4,51,pid_04/seg_00051.npz,0.08988404273986816,0.12107373774051666,0.5,0.0
4,52,pid_04/seg_00052.npz,-0.2062486708164215,0.11681371927261353,0.5,0.0
4,53,pid_04/seg_00053.npz,-0.16512344777584076,0.10838504135608673,-0.5,0.0
4,54,pid_04/seg_00054.npz,-0.15641570091247559,0.09788211435079575,-0.5,0.0
4,55,pid_04/seg_00055.npz,-0.10950805991888046,0.07971744239330292,-0.5,0.0
4,56,pid_04/seg_00056.npz,-0.08328203111886978,0.12339148670434952,0.5,0.0
4,57,pid_04/seg_00057.npz,-0.17346030473709106,0.0991818904876709,-0.5,0.0
4,58,pid_04/seg_00058.npz,-0.030291059985756874,0.17465834319591522,0.0,0.0
4,59,pid_04/seg_00059.npz,-0.14368674159049988,0.10969021171331406,-0.5,0.0
4,60,pid_04/seg_00060.npz,-0.12263838946819305,0.07425624877214432,-0.5,0.0
4,61,pid_04/seg_00061.npz,-0.09647621959447861,0.10102622956037521,-0.5,0.0
4,62,pid_04/seg_00062.npz,-0.10336428135633469,0.14450247585773468,-0.5,0.0
4,63,pid_04/seg_00063.npz,0.020324278622865677,0.17862045764923096,-0.5,0.0
4,64,pid_04/seg_00064.npz,-0.07912487536668777,0.15869790315628052,0.0,0.0
4,65,pid_04/seg_00065.npz,-0.2490508258342743,0.0709676519036293,-0.5,0.0
4,66,pid_04/seg_00066.npz,-0.17591342329978943,0.10486382991075516,-0.5,0.0
4,67,pid_04/seg_00067.npz,-0.3717583119869232,0.13689716160297394,-0.5,0.0
4,68,pid_04/seg_00068.npz,-0.3066655993461609,0.11207127571105957,0.5,0.0
4,69,pid_04/seg_00069.npz,-0.14544406533241272,0.14455236494541168,0.0,0.0
4,70,pid_04/seg_00070.npz,-0.3098154366016388,0.09581492841243744,0.0,0.0
4,71,pid_04/seg_00071.npz,0.10717456042766571,0.18329094350337982,-0.5,0.0
4,72,pid_04/seg_00072.npz,-0.18274015188217163,0.07506665587425232,-0.5,0.0
4,73,pid_04/seg_00073.npz,-0.11222929507493973,0.13162966072559357,-0.5,0.0
4,74,pid_04/seg_00074.npz,-0.1138901636004448,0.16742590069770813,-0.5,0.0
4,75,pid_04/seg_00075.npz,-0.2187851369380951,0.05258501321077347,-0.5,0.0
4,76,pid_04/seg_00076.npz,-0.21128740906715393,0.04821563512086868,-0.5,0.0
4,77,pid_04/seg_00077.npz,-0.292948842048645,0.04304758831858635,-0.5,0.0
4,78,pid_04/seg_00078.npz,-0.27920547127723694,0.06444425135850906,-0.5,0.0
4,79,pid_04/seg_00079.npz,-0.3350979685783386,0.07455332577228546,-0.5,0.0
4,80,pid_04/seg_00080.npz,-0.2910696864128113,0.09885198622941971,-0.5,0.0
4,81,pid_04/seg_00081.npz,-0.22537702322006226,0.13273179531097412,-0.5,0.0
4,82,pid_04/seg_00082.npz,-0.08949314057826996,0.20411980152130127,0.0,0.0
4,83,pid_04/seg_00083.npz,0.15145684778690338,0.08437086641788483,0.0,0.0
4,84,pid_04/seg_00084.npz,-0.04634061083197594,0.20683038234710693,0.0,0.0
4,85,pid_04/seg_00085.npz,-0.2409570813179016,0.1416160762310028,-0.5,0.0
4,86,pid_04/seg_00086.npz,-0.32253313064575195,0.0940653383731842,-0.5,0.0
4,87,pid_04/seg_00087.npz,0.050222963094711304,0.1474332958459854,0.0,0.0
4,88,pid_04/seg_00088.npz,-0.002124602207913995,0.1291617751121521,0.0,0.0
4,89,pid_04/seg_00089.npz,-0.12585197389125824,0.12747856974601746,0.5,0.0
4,90,pid_04/seg_00090.npz,-0.22953414916992188,0.11711334437131882,0.5,0.0
4,91,pid_04/seg_00091.npz,0.005223736632615328,0.14258618652820587,0.0,0.0
4,92,pid_04/seg_00092.npz,0.08466058224439621,0.2618275284767151,0.0,0.0
4,93,pid_04/seg_00093.npz,-0.14813897013664246,0.15481263399124146,0.0,0.0
4,94,pid_04/seg_00094.npz,-0.15392504632472992,0.08470886200666428,0.0,0.0
4,95,pid_04/seg_00095.npz,-0.20587684214115143,0.04030394181609154,0.0,0.0
4,96,pid_04/seg_00096.npz,0.06395809352397919,0.10885174572467804,0.0,0.0
4,97,pid_04/seg_00097.npz,-0.13826945424079895,0.07065805047750473,-0.5,0.0
4,98,pid_04/seg_00098.npz,-0.11308926343917847,0.1139431968331337,0.0,0.0
4,99,pid_04/seg_00099.npz,0.03622312471270561,0.17134369909763336,0.0,0.0
4,100,pid_04/seg_00100.npz,0.07668256759643555,0.1409299671649933,0.0,0.0
4,101,pid_04/seg_00101.npz,-0.1505289375782013,0.07238778471946716,0.0,0.0
4,102,pid_04/seg_00102.npz,-0.1744142770767212,0.07775112986564636,-0.5,0.0
4,103,pid_04/seg_00103.npz,-0.22078323364257812,0.11627823114395142,-0.5,0.0
4,104,pid_04/seg_00104.npz,-0.0029229845385998487,0.16789671778678894,0.0,0.0
4,105,pid_04/seg_00105.npz,0.08466285467147827,0.10287387669086456,0.0,0.0
4,106,pid_04/seg_00106.npz,-0.06372366100549698,0.15103910863399506,0.0,0.0
4,107,pid_04/seg_00107.npz,-0.1100916638970375,0.13823972642421722,0.0,0.0
4,108,pid_04/seg_00108.npz,0.07640179991722107,0.07447092980146408,0.0,0.0
4,109,pid_04/seg_00109.npz,-0.11749923229217529,0.14125162363052368,0.0,0.0
4,110,pid_04/seg_00110.npz,-0.14268814027309418,0.1203603744506836,0.5,0.0
4,111,pid_04/seg_00111.npz,-0.09368714690208435,0.16265882551670074,0.0,0.0
4,112,pid_04/seg_00112.npz,0.0011175753315910697,0.22505062818527222,0.0,0.0
4,113,pid_04/seg_00113.npz,-0.27382153272628784,0.10536517202854156,0.0,0.0
4,114,pid_04/seg_00114.npz,-0.16487234830856323,0.18110866844654083,0.0,0.0
4,115,pid_04/seg_00115.npz,-0.13545918464660645,0.20424002408981323,0.0,0.0
4,116,pid_04/seg_00116.npz,-0.14382056891918182,0.17405042052268982,0.0,0.0
4,117,pid_04/seg_00117.npz,-0.21467575430870056,0.047715410590171814,0.0,0.0
4,118,pid_04/seg_00118.npz,-0.19004815816879272,0.08224910497665405,0.0,0.0
4,119,pid_04/seg_00119.npz,-0.3458043932914734,0.0682254210114479,-0.5,0.0
4,120,pid_04/seg_00120.npz,-0.21301010251045227,0.11796395480632782,-0.5,0.0
4,121,pid_04/seg_00121.npz,-0.21322086453437805,0.1648019552230835,-0.5,0.0
4,122,pid_04/seg_00122.npz,-0.3740389049053192,0.0532812774181366,-0.5,0.0
4,123,pid_04/seg_00123.npz,-0.3231956362724304,0.05237581208348274,-0.5,0.0
4,124,pid_04/seg_00124.npz,-0.2882332503795624,0.0833866223692894,-1.0,0.0
4,125,pid_04/seg_00125.npz,-0.30120551586151123,0.10585040599107742,-1.0,0.0
4,126,pid_04/seg_00126.npz,-0.22527359426021576,0.08129268139600754,0.0,0.0
4,127,pid_04/seg_00127.npz,-0.1717461347579956,0.1637772023677826,-1.0,0.0
4,128,pid_04/seg_00128.npz,-0.1961296647787094,0.06465582549571991,-0.5,0.0
4,129,pid_04/seg_00129.npz,-0.20375248789787292,0.11614919453859329,-0.5,0.0
4,130,pid_04/seg_00130.npz,-0.23670339584350586,0.05595986172556877,-0.5,0.0
4,131,pid_04/seg_00131.npz,-0.19691376388072968,0.05691966414451599,0.0,0.0
4,132,pid_04/seg_00132.npz,0.04629356414079666,0.1225389912724495,0.0,0.0
4,133,pid_04/seg_00133.npz,-0.2215116173028946,0.08477897942066193,0.0,0.0
4,134,pid_04/seg_00134.npz,-0.2617741525173187,0.046169962733983994,0.0,0.0
4,135,pid_04/seg_00135.npz,-0.34465712308883667,0.03625360131263733,-0.5,0.0
4,136,pid_04/seg_00136.npz,-0.15918003022670746,0.11714337766170502,0.0,0.0
4,137,pid_04/seg_00137.npz,-0.2186981439590454,0.04384360834956169,0.0,0.5
15,0,pid_15/seg_00000.npz,-0.13175591826438904,0.12204252928495407,-0.5,0.0
15,1,pid_15/seg_00001.npz,-0.03687295690178871,0.14527517557144165,-0.5,0.5
15,2,pid_15/seg_00002.npz,-0.014113536104559898,0.15813393890857697,0.0,0.5
15,3,pid_15/seg_00003.npz,0.05174807831645012,0.11498881876468658,-0.5,0.0
15,4,pid_15/seg_00004.npz,-0.14549848437309265,0.1337938755750656,-0.5,0.0
15,5,pid_15/seg_00005.npz,-0.09142285585403442,0.14315293729305267,-0.5,0.0
15,6,pid_15/seg_00006.npz,-0.056317463517189026,0.15110835433006287,-0.5,0.0
15,7,pid_15/seg_00007.npz,-0.03781745955348015,0.16687682271003723,-0.5,0.0
15,8,pid_15/seg_00008.npz,0.01263078860938549,0.14159131050109863,-0.5,0.0
15,9,pid_15/seg_00009.npz,-0.213272824883461,0.10239715874195099,-0.5,0.0
15,10,pid_15/seg_00010.npz,-0.14244170486927032,0.13869526982307434,0.0,0.0
15,11,pid_15/seg_00011.npz,-0.18402773141860962,0.11353472620248795,0.0,0.0
15,12,pid_15/seg_00012.npz,0.0747351199388504,0.09676647931337357,-0.5,0.0
15,13,pid_15/seg_00013.npz,-0.19383060932159424,0.10298231244087219,0.0,0.0
15,14,pid_15/seg_00014.npz,-0.08266175538301468,0.13890397548675537,-0.5,0.0
15,15,pid_15/seg_00015.npz,0.035122402012348175,0.1187177449464798,-0.5,0.0
15,16,pid_15/seg_00016.npz,-0.12832513451576233,0.14727573096752167,0.0,0.0
15,17,pid_15/seg_00017.npz,-0.1988540142774582,0.09764969348907471,-0.5,0.0
15,18,pid_15/seg_00018.npz,-0.2839791178703308,0.10246679931879044,-0.5,0.0
15,19,pid_15/seg_00019.npz,-0.36811959743499756,0.08133542537689209,-0.5,0.0
15,20,pid_15/seg_00020.npz,-0.09899076819419861,0.1395256519317627,-0.5,0.0
15,21,pid_15/seg_00021.npz,-0.09215759485960007,0.16459913551807404,-0.5,0.0
15,22,pid_15/seg_00022.npz,0.054308466613292694,0.1682170331478119,-0.5,0.0
15,23,pid_15/seg_00023.npz,0.11286304891109467,0.14490465819835663,-0.5,0.0
15,24,pid_15/seg_00024.npz,0.0841536670923233,0.06730182468891144,-0.5,0.0
15,25,pid_15/seg_00025.npz,-0.3363535404205322,0.06221742555499077,-0.5,0.0
15,26,pid_15/seg_00026.npz,-0.30265358090400696,0.06250011175870895,0.5,0.0
15,27,pid_15/seg_00027.npz,-0.31025364995002747,0.07695657014846802,0.5,0.0
15,28,pid_15/seg_00028.npz,-0.4553646445274353,0.0497322753071785,-0.5,0.0
15,29,pid_15/seg_00029.npz,-0.3889082670211792,0.05749326944351196,-0.5,0.0
15,30,pid_15/seg_00030.npz,-0.2273026704788208,0.14112581312656403,0.5,0.0
15,31,pid_15/seg_00031.npz,-0.1623518019914627,0.16705797612667084,-1.0,0.0
15,32,pid_15/seg_00032.npz,-0.261980265378952,0.13515505194664001,0.5,0.0
15,33,pid_15/seg_00033.npz,-0.28833043575286865,0.10363548249006271,0.5,0.0
15,34,pid_15/seg_00034.npz,-0.2961643636226654,0.10927344858646393,0.5,0.0
15,35,pid_15/seg_00035.npz,-0.26828160881996155,0.08249015361070633,0.5,0.0
15,36,pid_15/seg_00036.npz,-0.3106805086135864,0.08769646286964417,-1.0,0.0
15,37,pid_15/seg_00037.npz,-0.2930541932582855,0.09412652999162674,-0.5,0.0
15,38,pid_15/seg_00038.npz,-0.2933414876461029,0.043534327298402786,-0.5,0.0
15,39,pid_15/seg_00039.npz,-0.28622230887413025,0.015141439624130726,-0.5,0.0
15,40,pid_15/seg_00040.npz,-0.3233521282672882,0.04201388359069824,-1.0,0.0
15,41,pid_15/seg_00041.npz,-0.35093751549720764,0.03952806815505028,-1.0,0.0
15,42,pid_15/seg_00042.npz,-0.2668437659740448,0.06629543751478195,-0.5,0.0
15,43,pid_15/seg_00043.npz,-0.12652328610420227,0.11402672529220581,-0.5,0.0
15,44,pid_15/seg_00044.npz,-0.15341413021087646,0.0796600803732872,-0.5,0.0
15,45,pid_15/seg_00045.npz,-0.1372385174036026,0.09939548373222351,-0.5,0.0
15,46,pid_15/seg_00046.npz,-0.18139176070690155,0.08702603727579117,-0.5,0.0
15,47,pid_15/seg_00047.npz,-0.07975215464830399,0.17943768203258514,-0.5,0.5
15,48,pid_15/seg_00048.npz,0.08399934321641922,0.1096932590007782,0.5,0.5
15,49,pid_15/seg_00049.npz,0.048389457166194916,0.17585167288780212,0.5,0.5
15,50,pid_15/seg_00050.npz,-0.1265689879655838,0.15271523594856262,0.5,0.5
15,51,pid_15/seg_00051.npz,-0.12222268432378769,0.1316981464624405,0.5,0.5
15,52,pid_15/seg_00052.npz,-0.09235993027687073,0.14796248078346252,0.5,0.5
15,53,pid_15/seg_00053.npz,-0.16706039011478424,0.10280552506446838,0.5,0.0
15,54,pid_15/seg_00054.npz,-0.13537286221981049,0.1444222331047058,0.5,0.0
15,55,pid_15/seg_00055.npz,0.11503109335899353,0.09102912247180939,-0.5,0.0
15,56,pid_15/seg_00056.npz,-0.030814949423074722,0.15626844763755798,-0.5,0.0
15,57,pid_15/seg_00057.npz,-0.08947718888521194,0.14030775427818298,-0.5,0.0
15,58,pid_15/seg_00058.npz,0.11789030581712723,0.11242759227752686,0.5,0.0
15,59,pid_15/seg_00059.npz,0.10161152482032776,0.08844172954559326,0.5,0.0
15,60,pid_15/seg_00060.npz,0.07377993315458298,0.11893489956855774,0.0,0.0
15,61,pid_15/seg_00061.npz,0.038528017699718475,0.12288479506969452,0.0,0.0
15,62,pid_15/seg_00062.npz,0.08734244853258133,0.11611294001340866,0.0,0.0
15,63,pid_15/seg_00063.npz,0.0032841647043824196,0.13530737161636353,0.0,0.0
15,64,pid_15/seg_00064.npz,0.00010485925304237753,0.13289320468902588,0.0,0.0
15,65,pid_15/seg_00065.npz,0.0903940424323082,0.08713839948177338,0.0,0.0
15,66,pid_15/seg_00066.npz,0.09851039201021194,0.07058042287826538,0.0,0.0
15,67,pid_15/seg_00067.npz,0.08013460040092468,0.08313590288162231,0.0,0.0
15,68,pid_15/seg_00068.npz,0.0764487162232399,0.08931197226047516,0.0,0.0
15,69,pid_15/seg_00069.npz,0.020390013232827187,0.1391855627298355,0.0,0.0
15,70,pid_15/seg_00070.npz,-0.03920803219079971,0.15245944261550903,0.0,0.0
15,71,pid_15/seg_00071.npz,-0.038156211376190186,0.14965219795703888,0.0,0.0
15,72,pid_15/seg_00072.npz,0.1658739447593689,0.07787223160266876,-0.5,0.0
15,73,pid_15/seg_00073.npz,0.09569516032934189,0.050467055290937424,0.0,0.0
15,74,pid_15/seg_00074.npz,0.047777965664863586,0.10297582298517227,-0.5,0.0
15,75,pid_15/seg_00075.npz,0.03083149529993534,0.13061712682247162,-0.5,0.0
15,76,pid_15/seg_00076.npz,-0.0357329361140728,0.1490892469882965,-0.5,0.0
15,77,pid_15/seg_00077.npz,-0.051316436380147934,0.23141343891620636,-0.5,0.0
15,78,pid_15/seg_00078.npz,0.08070800453424454,0.10531233251094818,-0.5,0.0
15,79,pid_15/seg_00079.npz,-0.13189518451690674,0.17465227842330933,-0.5,0.0
15,80,pid_15/seg_00080.npz,-0.2880910038948059,0.07591532170772552,-0.5,0.0
15,81,pid_15/seg_00081.npz,0.020046096295118332,0.11108102649450302,-0.5,0.0
15,82,pid_15/seg_00082.npz,-0.17971108853816986,0.10270644724369049,-0.5,0.0
15,83,pid_15/seg_00083.npz,-0.12992790341377258,0.12492410838603973,-0.5,0.0
15,84,pid_15/seg_00084.npz,-0.13768160343170166,0.12036416679620743,-0.5,0.0
15,85,pid_15/seg_00085.npz,0.14265353977680206,0.03804456815123558,0.5,0.0
15,86,pid_15/seg_00086.npz,0.08913375437259674,0.09235970675945282,-0.5,-0.5
15,87,pid_15/seg_00087.npz,0.06439519673585892,0.12358728051185608,0.0,-0.5
15,88,pid_15/seg_00088.npz,0.06450757384300232,0.10999464988708496,0.0,-0.5
15,89,pid_15/seg_00089.npz,0.07813175022602081,0.09164629876613617,0.5,-0.5
15,90,pid_15/seg_00090.npz,0.05820245295763016,0.12042739242315292,0.5,-0.5
15,91,pid_15/seg_00091.npz,-0.08571016788482666,0.08063144981861115,0.0,0.5
15,92,pid_15/seg_00092.npz,-0.1252259612083435,0.10170096904039383,0.0,0.0
15,93,pid_15/seg_00093.npz,-0.10538210719823837,0.07871273905038834,0.0,0.0
15,94,pid_15/seg_00094.npz,-0.09316010773181915,0.08473069965839386,0.0,-0.5
15,95,pid_15/seg_00095.npz,-0.11010818928480148,0.09138188511133194,0.0,-0.5
15,96,pid_15/seg_00096.npz,0.093917615711689,0.025203941389918327,0.0,-0.5
15,97,pid_15/seg_00097.npz,0.07561804354190826,0.05294480547308922,0.0,-0.5
15,98,pid_15/seg_00098.npz,0.09582728147506714,0.02386975847184658,0.0,-0.5
15,99,pid_15/seg_00099.npz,-0.048939336091279984,0.1600848287343979,0.0,-0.5
15,100,pid_15/seg_00100.npz,0.08144834637641907,0.0804029330611229,0.0,-0.5
15,101,pid_15/seg_00101.npz,-0.06770794093608856,0.10743353515863419,0.0,-0.5
15,102,pid_15/seg_00102.npz,-0.11327812075614929,0.07777576893568039,0.0,0.0
15,103,pid_15/seg_00103.npz,0.041003212332725525,0.10874379426240921,0.0,-0.5
15,104,pid_15/seg_00104.npz,-0.008030491881072521,0.12583982944488525,0.0,0.0
15,105,pid_15/seg_00105.npz,0.048927657306194305,0.08152997493743896,0.0,-0.5
15,106,pid_15/seg_00106.npz,0.04637577012181282,0.1136832907795906,0.0,-0.5
15,107,pid_15/seg_00107.npz,0.06050901114940643,0.09692666679620743,0.0,-0.5
15,108,pid_15/seg_00108.npz,0.09167294204235077,0.09730729460716248,0.0,-0.5
15,109,pid_15/seg_00109.npz,0.04279795289039612,0.11828503012657166,0.0,-0.5
15,110,pid_15/seg_00110.npz,0.0670991763472557,0.07819567620754242,0.0,-0.5
15,111,pid_15/seg_00111.npz,0.1369061917066574,0.04140480235219002,0.0,-0.5
15,112,pid_15/seg_00112.npz,0.07531675696372986,0.10033605247735977,0.0,-0.5
15,113,pid_15/seg_00113.npz,-0.13930168747901917,0.09400574862957001,0.0,-0.5
15,114,pid_15/seg_00114.npz,0.056540023535490036,0.0909353643655777,0.0,-0.5
15,115,pid_15/seg_00115.npz,-0.09282568842172623,0.14295025169849396,0.0,-0.5
15,116,pid_15/seg_00116.npz,-0.04250115528702736,0.15865176916122437,0.0,-0.5
15,117,pid_15/seg_00117.npz,0.04258452728390694,0.11806223541498184,0.0,-0.5
15,118,pid_15/seg_00118.npz,0.08855802565813065,0.08165853470563889,0.0,-0.5
15,119,pid_15/seg_00119.npz,0.04636973887681961,0.10217205435037613,0.0,-0.5
15,120,pid_15/seg_00120.npz,-0.07715164870023727,0.16143859922885895,0.0,-0.5
15,121,pid_15/seg_00121.npz,-0.15346099436283112,0.12105526030063629,0.0,-0.5
15,122,pid_15/seg_00122.npz,-0.1134798526763916,0.10849720239639282,0.0,0.0
24,0,pid_24/seg_00000.npz,-0.1302255541086197,0.019484860822558403,-0.5,0.0
24,1,pid_24/seg_00001.npz,-0.1357179582118988,0.028520582243800163,0.0,0.0
24,2,pid_24/seg_00002.npz,-0.15104353427886963,0.033257368952035904,-0.5,0.0
24,3,pid_24/seg_00003.npz,-0.17952005565166473,0.013574008829891682,-0.5,0.0
24,4,pid_24/seg_00004.npz,-0.3117159605026245,-0.001881736214272678,-0.5,0.0
24,5,pid_24/seg_00005.npz,-0.18203598260879517,0.016290444880723953,-0.5,0.0
24,6,pid_24/seg_00006.npz,-0.2592770755290985,0.015280136838555336,-0.5,0.0
24,7,pid_24/seg_00007.npz,-0.26279217004776,-0.0011093468638136983,0.0,0.0
24,8,pid_24/seg_00008.npz,-0.16146431863307953,0.01589704304933548,0.0,0.0
24,9,pid_24/seg_00009.npz,-0.3260050415992737,-0.015775129199028015,-0.5,0.0
24,10,pid_24/seg_00010.npz,-0.18165399134159088,0.015033431351184845,-0.5,0.0
24,11,pid_24/seg_00011.npz,-0.10359001904726028,0.07901604473590851,0.0,0.0
24,12,pid_24/seg_00012.npz,-0.0973147302865982,0.06633396446704865,-0.5,0.0
24,13,pid_24/seg_00013.npz,-0.11783786863088608,0.039329711347818375,0.0,0.0
24,14,pid_24/seg_00014.npz,-0.003763754153624177,0.09349173307418823,0.0,0.0
24,15,pid_24/seg_00015.npz,-0.25957340002059937,0.015901925042271614,0.0,0.0
24,16,pid_24/seg_00016.npz,-0.17804743349552155,0.025815363973379135,-0.5,0.0
24,17,pid_24/seg_00017.npz,-0.03910006210207939,0.10386326164007187,-0.5,0.0
24,18,pid_24/seg_00018.npz,-0.10537678003311157,0.07362564653158188,-0.5,0.0
24,19,pid_24/seg_00019.npz,-0.05050952732563019,0.09363674372434616,-0.5,0.0
24,20,pid_24/seg_00020.npz,-0.10581386089324951,0.050088390707969666,0.0,0.0
24,21,pid_24/seg_00021.npz,-0.0905395969748497,0.03548802062869072,0.0,0.0
24,22,pid_24/seg_00022.npz,-0.11320926249027252,0.0279827993363142,0.0,0.0
24,23,pid_24/seg_00023.npz,-0.11045687645673752,0.027121586725115776,0.0,0.0
24,24,pid_24/seg_00024.npz,-0.15525361895561218,0.01316116377711296,0.0,0.0
24,25,pid_24/seg_00025.npz,-0.12415269017219543,0.013766256161034107,0.0,0.0
24,26,pid_24/seg_00026.npz,-0.09791713953018188,0.029337121173739433,0.0,0.0
24,27,pid_24/seg_00027.npz,-0.09998103231191635,0.03155452013015747,0.0,0.0
24,28,pid_24/seg_00028.npz,-0.07951880246400833,0.04999076575040817,0.0,0.0
24,29,pid_24/seg_00029.npz,-0.09997404366731644,0.011622656136751175,0.0,0.0
24,30,pid_24/seg_00030.npz,-0.18149568140506744,0.0063950982876122,-0.5,0.0
24,31,pid_24/seg_00031.npz,-0.1107001081109047,-0.0130966417491436,0.0,0.0
24,32,pid_24/seg_00032.npz,-0.0994061604142189,0.05963357537984848,0.0,0.0
24,33,pid_24/seg_00033.npz,-0.13821405172348022,0.0028708179015666246,-0.5,0.0
24,34,pid_24/seg_00034.npz,-0.1264423131942749,0.0051366775296628475,0.0,0.0
24,35,pid_24/seg_00035.npz,-0.12747709453105927,0.02337069809436798,-0.5,0.0
24,36,pid_24/seg_00036.npz,-0.13996244966983795,0.0276192594319582,0.0,0.0
24,37,pid_24/seg_00037.npz,-0.21742424368858337,0.014557398855686188,0.0,0.0
24,38,pid_24/seg_00038.npz,-0.274467796087265,0.016028661280870438,0.0,0.0
24,39,pid_24/seg_00039.npz,-0.34761685132980347,0.022570904344320297,0.0,0.0
24,40,pid_24/seg_00040.npz,-0.2248968929052353,0.03189978003501892,0.0,0.0
24,41,pid_24/seg_00041.npz,-0.09552580863237381,0.04111994430422783,0.0,0.0
24,42,pid_24/seg_00042.npz,-0.043516065925359726,0.11113185435533524,0.0,0.0
24,43,pid_24/seg_00043.npz,0.07511267066001892,0.1259685605764389,0.0,0.0
24,44,pid_24/seg_00044.npz,0.08187826722860336,0.11698555201292038,0.0,0.0
24,45,pid_24/seg_00045.npz,0.02782086469233036,0.14444929361343384,0.0,0.0
24,46,pid_24/seg_00046.npz,-0.06175162270665169,0.14747720956802368,0.0,0.0
24,47,pid_24/seg_00047.npz,0.041572678834199905,0.11708756536245346,0.0,0.0
24,48,pid_24/seg_00048.npz,0.034061554819345474,0.12409208714962006,0.0,0.0
24,49,pid_24/seg_00049.npz,0.05818331614136696,0.07863616198301315,0.0,0.0
24,50,pid_24/seg_00050.npz,-0.0782981738448143,0.07548379898071289,0.0,0.0
24,51,pid_24/seg_00051.npz,-0.05805857479572296,0.08624883741140366,0.0,0.0
24,52,pid_24/seg_00052.npz,-0.0958244800567627,0.07020355761051178,-0.5,0.0
24,53,pid_24/seg_00053.npz,-0.1523330807685852,0.0565779022872448,-0.5,0.0
24,54,pid_24/seg_00054.npz,-0.08074530959129333,0.07261868566274643,-0.5,0.0
24,55,pid_24/seg_00055.npz,-0.15518590807914734,0.009276499040424824,0.0,0.0
24,56,pid_24/seg_00056.npz,-0.08370227366685867,0.04147273674607277,0.0,0.0
24,57,pid_24/seg_00057.npz,-0.07895506918430328,0.07232362031936646,-0.5,0.0
24,58,pid_24/seg_00058.npz,-0.1340320110321045,0.055297061800956726,-0.5,0.0
24,59,pid_24/seg_00059.npz,-0.1256372034549713,0.033092256635427475,0.0,0.0
24,60,pid_24/seg_00060.npz,-0.08439555764198303,0.059516195207834244,-0.5,0.0
24,61,pid_24/seg_00061.npz,-0.13087503612041473,0.018377281725406647,0.0,0.0
24,62,pid_24/seg_00062.npz,-0.06727449595928192,0.07585787773132324,-0.5,0.0
24,63,pid_24/seg_00063.npz,-0.0737435594201088,0.06598013639450073,0.0,0.0
24,64,pid_24/seg_00064.npz,-0.11409870535135269,0.029979264363646507,0.0,0.0
24,65,pid_24/seg_00065.npz,-0.13588577508926392,0.002223612042143941,-0.5,0.0
24,66,pid_24/seg_00066.npz,-0.031374648213386536,0.0933716893196106,0.5,0.0
24,67,pid_24/seg_00067.npz,0.03402631729841232,0.09050723910331726,-0.5,0.0
24,68,pid_24/seg_00068.npz,-0.07948605716228485,0.058821436017751694,-0.5,0.0
24,69,pid_24/seg_00069.npz,-0.16280768811702728,0.019091112539172173,-0.5,0.0
24,70,pid_24/seg_00070.npz,-0.156955748796463,-0.003054558765143156,-0.5,0.0
24,71,pid_24/seg_00071.npz,-0.21381869912147522,0.015833819285035133,-0.5,0.0
24,72,pid_24/seg_00072.npz,-0.13162583112716675,0.014477748423814774,-0.5,0.0
24,73,pid_24/seg_00073.npz,-0.09333227574825287,0.026119086891412735,0.0,0.0
24,74,pid_24/seg_00074.npz,-0.3447805643081665,-0.0006455856491811574,0.0,0.0
24,75,pid_24/seg_00075.npz,-0.18100376427173615,0.06149193271994591,-0.5,0.0
24,76,pid_24/seg_00076.npz,-0.009357006289064884,0.1340046226978302,-0.5,0.0
24,77,pid_24/seg_00077.npz,-0.18984484672546387,0.03158955276012421,-0.5,0.0
24,78,pid_24/seg_00078.npz,-0.059393249452114105,0.13746213912963867,-0.5,0.0
24,79,pid_24/seg_00079.npz,-0.18881022930145264,0.13029859960079193,-0.5,0.0
24,80,pid_24/seg_00080.npz,-0.09804044663906097,0.10294419527053833,-0.5,0.0
24,81,pid_24/seg_00081.npz,-0.08739489316940308,0.13585853576660156,-0.5,0.0
24,82,pid_24/seg_00082.npz,-0.29507896304130554,0.08983335644006729,-0.5,0.0
24,83,pid_24/seg_00083.npz,-0.4854688346385956,0.008341127075254917,-0.5,0.0
24,84,pid_24/seg_00084.npz,-0.8589033484458923,-0.4167300760746002,-0.5,0.0
24,85,pid_24/seg_00085.npz,0.01625537872314453,0.14140725135803223,-0.5,0.0
24,86,pid_24/seg_00086.npz,-0.2083662748336792,0.05633486062288284,-0.5,0.0
24,87,pid_24/seg_00087.npz,-0.32493773102760315,-0.1673763245344162,-0.5,0.0
24,88,pid_24/seg_00088.npz,-0.1314021199941635,0.0786748081445694,-0.5,0.0
24,89,pid_24/seg_00089.npz,-0.07743874192237854,0.15481668710708618,-0.5,0.0
24,90,pid_24/seg_00090.npz,0.0767553523182869,0.18476468324661255,-0.5,0.0
24,91,pid_24/seg_00091.npz,0.022449202835559845,0.16730433702468872,-0.5,0.0
24,92,pid_24/seg_00092.npz,-0.027648087590932846,0.1604727804660797,0.0,0.0
24,93,pid_24/seg_00093.npz,0.0793667882680893,0.11507716029882431,-0.5,0.0
24,94,pid_24/seg_00094.npz,-0.03737148270010948,0.10078684240579605,0.0,0.0
24,95,pid_24/seg_00095.npz,-0.048718951642513275,0.09180419892072678,0.0,0.0
24,96,pid_24/seg_00096.npz,-0.10411401838064194,0.022282380610704422,0.0,0.0
24,97,pid_24/seg_00097.npz,-0.1340910941362381,0.009683041833341122,0.0,0.0
24,98,pid_24/seg_00098.npz,-0.1296083927154541,0.02072213962674141,0.0,0.0
24,99,pid_24/seg_00099.npz,0.05103771761059761,0.07815758883953094,0.0,0.0
24,100,pid_24/seg_00100.npz,-0.10660292953252792,0.051860496401786804,0.0,0.0
24,101,pid_24/seg_00101.npz,0.006921492051333189,0.09979259222745895,0.0,0.0
24,102,pid_24/seg_00102.npz,-0.17103806138038635,0.011376428417861462,0.0,0.0
24,103,pid_24/seg_00103.npz,0.0648818090558052,0.086215078830719,0.0,0.0
24,104,pid_24/seg_00104.npz,0.01616617478430271,0.10019929707050323,0.5,0.0
24,105,pid_24/seg_00105.npz,-0.08184068650007248,0.052857689559459686,0.5,0.0
24,106,pid_24/seg_00106.npz,-0.17087213695049286,0.0214212816208601,0.0,0.0
24,107,pid_24/seg_00107.npz,0.08833339810371399,0.05006292089819908,0.5,0.0
24,108,pid_24/seg_00108.npz,-0.08946934342384338,0.037124864757061005,0.0,0.0
24,109,pid_24/seg_00109.npz,-0.18388564884662628,0.009458309039473534,0.0,0.0
24,110,pid_24/seg_00110.npz,-0.11550981551408768,0.03813721984624863,0.0,0.0
24,111,pid_24/seg_00111.npz,-0.0756727084517479,0.0682239755988121,0.0,0.0
24,112,pid_24/seg_00112.npz,-0.16520030796527863,0.034672800451517105,-0.5,0.0
24,113,pid_24/seg_00113.npz,-0.14880183339118958,0.019597526639699936,0.0,0.0
24,114,pid_24/seg_00114.npz,-0.13620901107788086,0.03233868256211281,0.0,0.0
24,115,pid_24/seg_00115.npz,-0.18936572968959808,0.04909247159957886,0.0,0.0
24,116,pid_24/seg_00116.npz,-0.08232695609331131,0.1132877841591835,0.0,0.0
24,117,pid_24/seg_00117.npz,-0.1303321123123169,0.0487549751996994,-0.5,0.0
24,118,pid_24/seg_00118.npz,-0.03443846479058266,0.11426994949579239,0.0,0.0
24,119,pid_24/seg_00119.npz,-0.09825129061937332,0.05276629701256752,0.0,0.0
24,120,pid_24/seg_00120.npz,-0.11654965579509735,0.04231211543083191,0.0,0.0
24,121,pid_24/seg_00121.npz,-0.12141473591327667,0.047689568251371384,0.0,0.0
9,0,pid_09/seg_00000.npz,-0.43179595470428467,0.024278387427330017,0.5,0.5
9,1,pid_09/seg_00001.npz,-0.16553810238838196,-0.016602611169219017,0.5,0.5
9,2,pid_09/seg_00002.npz,-0.24559202790260315,0.03621175140142441,0.5,0.5
9,3,pid_09/seg_00003.npz,-0.3208683729171753,0.028086746111512184,0.5,0.5
9,4,pid_09/seg_00004.npz,-0.3194498121738434,0.018898814916610718,0.5,0.5
9,5,pid_09/seg_00005.npz,-0.24713033437728882,0.0016955642495304346,-0.5,0.5
9,6,pid_09/seg_00006.npz,-0.35644856095314026,0.05157194659113884,-0.5,0.5
9,7,pid_09/seg_00007.npz,-0.264754056930542,0.041430551558732986,-0.5,0.5
9,8,pid_09/seg_00008.npz,-0.36523014307022095,0.021960467100143433,0.5,0.5
9,9,pid_09/seg_00009.npz,-0.4865870773792267,0.010050411336123943,-0.5,0.5
9,10,pid_09/seg_00010.npz,-0.11295970529317856,0.042679544538259506,0.5,0.5
9,11,pid_09/seg_00011.npz,-0.25398993492126465,0.03777839615941048,-0.5,0.5
9,12,pid_09/seg_00012.npz,-0.26063013076782227,-0.007578976918011904,-0.5,0.5
9,13,pid_09/seg_00013.npz,-0.2486763745546341,0.02651900053024292,0.5,0.5
9,14,pid_09/seg_00014.npz,-0.32113921642303467,0.03510110452771187,-0.5,0.5
9,15,pid_09/seg_00015.npz,-0.28066444396972656,0.03551044687628746,-0.5,0.5
9,16,pid_09/seg_00016.npz,-0.23420439660549164,0.04179878532886505,-0.5,0.5
9,17,pid_09/seg_00017.npz,-0.2415550798177719,0.05596296116709709,-0.5,0.5
9,18,pid_09/seg_00018.npz,-0.19329330325126648,0.009611977264285088,-0.5,0.5
9,19,pid_09/seg_00019.npz,-0.36789068579673767,-0.00650764349848032,-0.5,0.0
9,20,pid_09/seg_00020.npz,-0.2189032882452011,0.02468082867562771,-0.5,0.0
9,21,pid_09/seg_00021.npz,-0.13556066155433655,0.028656743466854095,-0.5,0.0
9,22,pid_09/seg_00022.npz,-0.33239805698394775,0.05843080207705498,-0.5,0.0
9,23,pid_09/seg_00023.npz,-0.4941920340061188,0.03613896667957306,-0.5,0.0
9,24,pid_09/seg_00024.npz,-0.42245882749557495,0.014440972357988358,-0.5,0.0
9,25,pid_09/seg_00025.npz,-0.4908101558685303,0.03084535151720047,-0.5,0.0
9,26,pid_09/seg_00026.npz,-0.4274345934391022,0.04210222139954567,-1.0,0.0
9,27,pid_09/seg_00027.npz,-0.37799209356307983,0.021269049495458603,-1.0,0.0
9,28,pid_09/seg_00028.npz,-0.49669283628463745,0.021528013050556183,-1.0,0.0
9,29,pid_09/seg_00029.npz,-0.6138737797737122,0.027541618794202805,-0.5,0.0
9,30,pid_09/seg_00030.npz,-0.5303646922111511,0.01996569149196148,-0.5,0.0
9,31,pid_09/seg_00031.npz,-0.5811715126037598,0.008280430920422077,-1.0,0.0
9,32,pid_09/seg_00032.npz,-0.3314467668533325,0.012341716326773167,-1.0,0.0
9,33,pid_09/seg_00033.npz,-0.5324040651321411,0.019475523382425308,-1.0,0.0
9,34,pid_09/seg_00034.npz,-0.5576608777046204,0.02431904710829258,-1.0,0.0
9,35,pid_09/seg_00035.npz,-0.5666647553443909,0.02268044278025627,0.5,0.0
9,36,pid_09/seg_00036.npz,-0.22662143409252167,0.025733383372426033,-0.5,0.0
9,37,pid_09/seg_00037.npz,-0.18932797014713287,0.05699179321527481,-0.5,0.0
9,38,pid_09/seg_00038.npz,-0.1380677968263626,-0.013449951075017452,-0.5,0.0
9,39,pid_09/seg_00039.npz,-0.14516624808311462,-0.04804210737347603,0.5,0.0
9,40,pid_09/seg_00040.npz,-0.1571168452501297,0.029129695147275925,0.5,0.0
9,41,pid_09/seg_00041.npz,-0.3513571619987488,0.0504162572324276,0.5,0.0
9,42,pid_09/seg_00042.npz,-0.4704442322254181,0.009899543598294258,-0.5,0.0
9,43,pid_09/seg_00043.npz,-0.1975117325782776,-0.00030276711913757026,0.5,0.0
9,44,pid_09/seg_00044.npz,-0.23073433339595795,0.032752931118011475,0.5,0.0
9,45,pid_09/seg_00045.npz,-0.24286994338035583,0.03573223575949669,-0.5,0.0
9,46,pid_09/seg_00046.npz,-0.34861433506011963,0.019742446020245552,-0.5,0.0
9,47,pid_09/seg_00047.npz,-0.10613477230072021,0.04826470836997032,0.0,0.0
9,48,pid_09/seg_00048.npz,-0.22373932600021362,-0.003278484335169196,-0.5,0.0
9,49,pid_09/seg_00049.npz,-0.4396393597126007,-0.006145165767520666,-0.5,0.0
9,50,pid_09/seg_00050.npz,-0.45897772908210754,0.01947428286075592,0.5,0.0
9,51,pid_09/seg_00051.npz,-0.3958219289779663,0.022001689299941063,0.5,0.0
9,52,pid_09/seg_00052.npz,-0.32183393836021423,-0.011431150138378143,-0.5,0.0
9,53,pid_09/seg_00053.npz,-0.4945662021636963,0.019153181463479996,-0.5,0.0
9,54,pid_09/seg_00054.npz,-0.34669116139411926,0.029394233599305153,-1.0,0.0
9,55,pid_09/seg_00055.npz,-0.4434758424758911,0.03446713089942932,-1.0,0.0
9,56,pid_09/seg_00056.npz,-0.4041210114955902,0.027786755934357643,-1.0,0.0
9,57,pid_09/seg_00057.npz,-0.36379775404930115,0.04178115725517273,-1.0,0.0
9,58,pid_09/seg_00058.npz,-0.4466775059700012,0.03353988751769066,-1.0,0.0
9,59,pid_09/seg_00059.npz,-0.45826825499534607,0.02941645123064518,-1.0,0.0
9,60,pid_09/seg_00060.npz,-0.5331566333770752,0.03764704614877701,-1.0,0.0
9,61,pid_09/seg_00061.npz,-0.37202563881874084,0.028922047466039658,-1.0,0.0
9,62,pid_09/seg_00062.npz,-0.5822919011116028,0.020726867020130157,-1.0,0.0
9,63,pid_09/seg_00063.npz,-0.5825832486152649,0.022474877536296844,-1.0,0.0
9,64,pid_09/seg_00064.npz,-0.5985241532325745,0.029056284576654434,-1.0,0.0
9,65,pid_09/seg_00065.npz,-0.4197390377521515,0.043104082345962524,-1.0,0.0
9,66,pid_09/seg_00066.npz,-0.49528518319129944,0.03701057657599449,-1.0,0.0
9,67,pid_09/seg_00067.npz,-0.3607630431652069,0.014967705123126507,-0.5,0.0
9,68,pid_09/seg_00068.npz,-0.34527385234832764,0.015225163660943508,-0.5,0.0
9,69,pid_09/seg_00069.npz,-0.2512611746788025,0.023838957771658897,-0.5,0.0
9,70,pid_09/seg_00070.npz,-0.3910675048828125,0.030177203938364983,-0.5,0.0
9,71,pid_09/seg_00071.npz,-0.4206469655036926,0.04301495477557182,-0.5,0.0
9,72,pid_09/seg_00072.npz,-0.15261654555797577,0.035199206322431564,-0.5,0.0
9,73,pid_09/seg_00073.npz,-0.36518624424934387,0.020192604511976242,-0.5,0.0
9,74,pid_09/seg_00074.npz,-0.22616158425807953,0.05261539667844772,-0.5,0.0
9,75,pid_09/seg_00075.npz,-0.2931060492992401,0.032320018857717514,-0.5,0.0
9,76,pid_09/seg_00076.npz,-0.4892197847366333,0.037247806787490845,-0.5,0.0
9,77,pid_09/seg_00077.npz,-0.30198150873184204,0.02982359379529953,-0.5,0.0
9,78,pid_09/seg_00078.npz,-0.14646731317043304,0.04268885776400566,-0.5,0.0
9,79,pid_09/seg_00079.npz,-0.09601222723722458,0.09214770048856735,-0.5,0.0
9,80,pid_09/seg_00080.npz,-0.3162955939769745,0.04875747114419937,-0.5,0.0
9,81,pid_09/seg_00081.npz,-0.25691908597946167,0.02199288085103035,-0.5,0.0
9,82,pid_09/seg_00082.npz,-0.3058280050754547,0.01637747511267662,-0.5,0.0
9,83,pid_09/seg_00083.npz,-0.1510344296693802,0.03875493258237839,-0.5,0.0
9,84,pid_09/seg_00084.npz,-0.12083742767572403,0.0993514284491539,-0.5,0.0
9,85,pid_09/seg_00085.npz,0.09668344259262085,-0.4504593312740326,-1.0,0.0
9,86,pid_09/seg_00086.npz,0.28888821601867676,-0.5380991697311401,-1.0,0.0
9,87,pid_09/seg_00087.npz,-0.518820583820343,0.03117184527218342,0.0,0.0
9,88,pid_09/seg_00088.npz,-0.29660260677337646,0.02321777679026127,0.0,0.0
9,89,pid_09/seg_00089.npz,-0.294013649225235,-0.01412389986217022,-1.0,0.0
9,90,pid_09/seg_00090.npz,-0.42940083146095276,0.04373488575220108,-1.0,0.0
9,91,pid_09/seg_00091.npz,-0.474561482667923,0.021858828142285347,-1.0,0.0
9,92,pid_09/seg_00092.npz,-0.46145105361938477,0.012315251864492893,-1.0,0.0
9,93,pid_09/seg_00093.npz,-0.41141757369041443,0.012477647513151169,0.0,0.0
9,94,pid_09/seg_00094.npz,-0.44499948620796204,0.00213198852725327,0.0,0.0
9,95,pid_09/seg_00095.npz,-0.5022927522659302,0.011047055944800377,0.0,0.0
9,96,pid_09/seg_00096.npz,-0.47536513209342957,0.004105950705707073,0.0,0.0
9,97,pid_09/seg_00097.npz,-0.415218323469162,0.0034920210018754005,-1.0,0.0
9,98,pid_09/seg_00098.npz,-0.19223561882972717,0.09535589814186096,-0.5,0.0
9,99,pid_09/seg_00099.npz,0.02633928693830967,0.12692223489284515,-0.5,0.5
9,100,pid_09/seg_00100.npz,-0.14699654281139374,0.07409241795539856,-1.0,0.0
9,101,pid_09/seg_00101.npz,-0.25484395027160645,0.04143012687563896,-1.0,0.0
9,102,pid_09/seg_00102.npz,-0.3367745280265808,0.04183763638138771,-1.0,0.0
9,103,pid_09/seg_00103.npz,-0.5105516910552979,0.019084470346570015,-1.0,0.0
9,104,pid_09/seg_00104.npz,-0.4110056459903717,-0.0014086595037952065,0.0,0.0
9,105,pid_09/seg_00105.npz,-0.3562926948070526,0.008679752238094807,0.0,0.0
9,106,pid_09/seg_00106.npz,-0.43812334537506104,0.007170198019593954,-1.0,0.0
9,107,pid_09/seg_00107.npz,-0.4153342545032501,0.010847298428416252,-1.0,0.0
9,108,pid_09/seg_00108.npz,-0.40256327390670776,0.0027190290857106447,0.0,0.0
9,109,pid_09/seg_00109.npz,-0.4078167974948883,0.02330252155661583,0.0,0.0
9,110,pid_09/seg_00110.npz,-0.36824366450309753,0.06391189247369766,-0.5,0.0
9,111,pid_09/seg_00111.npz,-0.302482008934021,0.06941026449203491,-0.5,0.0
9,112,pid_09/seg_00112.npz,-0.3901604115962982,0.04873436689376831,-0.5,0.0
9,113,pid_09/seg_00113.npz,0.013377385213971138,0.09691587835550308,-0.5,0.0
9,114,pid_09/seg_00114.npz,-0.22023628652095795,0.02273072488605976,-0.5,0.0
9,115,pid_09/seg_00115.npz,-0.10716608166694641,0.013876710087060928,-0.5,0.0
9,116,pid_09/seg_00116.npz,-0.1211785301566124,0.04909111186861992,-0.5,0.0
9,117,pid_09/seg_00117.npz,-0.19604194164276123,0.04101505130529404,-0.5,0.0
9,118,pid_09/seg_00118.npz,-0.3577450215816498,0.030739881098270416,-0.5,0.0
9,119,pid_09/seg_00119.npz,-0.4251660406589508,0.012809665873646736,-0.5,0.0
9,120,pid_09/seg_00120.npz,-0.27693843841552734,0.06174999102950096,-0.5,0.0
9,121,pid_09/seg_00121.npz,-0.3537062406539917,0.042601604014635086,-0.5,0.0
9,122,pid_09/seg_00122.npz,-0.15911473333835602,0.03493214398622513,-0.5,0.0
9,123,pid_09/seg_00123.npz,-0.11623653769493103,0.0702153742313385,-0.5,0.5
23,0,pid_23/seg_00000.npz,-0.12712329626083374,0.028543343767523766,-0.5,0.0
23,1,pid_23/seg_00001.npz,-0.05365363880991936,0.09400452673435211,0.0,0.0
23,2,pid_23/seg_00002.npz,0.014949660748243332,0.10214181989431381,0.0,0.0
23,3,pid_23/seg_00003.npz,0.06937497109174728,0.07473558932542801,-0.5,0.0
23,4,pid_23/seg_00004.npz,-0.043470267206430435,0.08472108095884323,0.0,0.0
23,5,pid_23/seg_00005.npz,-0.02546665444970131,0.08797932416200638,-0.5,0.0
23,6,pid_23/seg_00006.npz,-0.05857829377055168,0.07110967487096786,0.0,0.0
23,7,pid_23/seg_00007.npz,0.019271114841103554,0.09376202523708344,0.0,0.0
23,8,pid_23/seg_00008.npz,-0.06398535519838333,0.07538018375635147,0.0,0.0
23,9,pid_23/seg_00009.npz,-0.09176836907863617,0.03395840898156166,-0.5,0.0
23,10,pid_23/seg_00010.npz,0.09790965914726257,0.04961439594626427,0.0,0.0
23,11,pid_23/seg_00011.npz,0.015841931104660034,0.1014297604560852,0.0,0.0
23,12,pid_23/seg_00012.npz,0.020841239020228386,0.10035653412342072,0.0,0.0
23,13,pid_23/seg_00013.npz,0.1392793357372284,0.036725468933582306,0.0,0.0
23,14,pid_23/seg_00014.npz,-0.007016747258603573,0.09115006029605865,-0.5,0.0
23,15,pid_23/seg_00015.npz,-0.0908583551645279,0.0690411701798439,0.0,0.0
23,16,pid_23/seg_00016.npz,-0.09765012562274933,0.0029231852386146784,-0.5,0.0
23,17,pid_23/seg_00017.npz,-0.08216457068920135,0.07402548938989639,-0.5,0.0
23,18,pid_23/seg_00018.npz,-0.22789715230464935,0.049505092203617096,-0.5,0.0
23,19,pid_23/seg_00019.npz,-0.19167853891849518,0.03489399701356888,-0.5,0.0
23,20,pid_23/seg_00020.npz,-0.10280382633209229,0.036571018397808075,-0.5,0.0
23,21,pid_23/seg_00021.npz,-0.11798357963562012,0.04930565878748894,-0.5,0.0
23,22,pid_23/seg_00022.npz,-0.4049685001373291,0.030440719798207283,-0.5,0.0
23,23,pid_23/seg_00023.npz,-0.3480910062789917,0.021141931414604187,-0.5,0.0
23,24,pid_23/seg_00024.npz,-0.44232699275016785,0.030453963205218315,-0.5,0.0
23,25,pid_23/seg_00025.npz,-0.0771951824426651,0.08156351745128632,-0.5,0.0
23,26,pid_23/seg_00026.npz,-0.3641928434371948,0.029867392033338547,-0.5,0.0
23,27,pid_23/seg_00027.npz,-0.1746865212917328,0.014558771625161171,-0.5,0.0
23,28,pid_23/seg_00028.npz,-0.3395177721977234,0.03006056137382984,-0.5,0.0
23,29,pid_23/seg_00029.npz,-0.08325355499982834,0.04348776116967201,-0.5,0.0
23,30,pid_23/seg_00030.npz,-0.0801350474357605,0.0529741495847702,-0.5,0.0
23,31,pid_23/seg_00031.npz,-0.07184012234210968,0.06335693597793579,-0.5,0.0
23,32,pid_23/seg_00032.npz,-0.18864308297634125,0.04488890618085861,-0.5,0.0
23,33,pid_23/seg_00033.npz,-0.1803709715604782,0.031107652932405472,-0.5,0.0
23,34,pid_23/seg_00034.npz,-0.16182421147823334,0.052082568407058716,-0.5,0.0
23,35,pid_23/seg_00035.npz,-0.10538239777088165,0.0464247427880764,-0.5,0.0
23,36,pid_23/seg_00036.npz,-0.05483577772974968,0.0737001821398735,0.0,0.0
23,37,pid_23/seg_00037.npz,-0.08929549902677536,0.046903084963560104,0.0,0.0
23,38,pid_23/seg_00038.npz,-0.04291700944304466,0.08070110529661179,0.0,0.0
23,39,pid_23/seg_00039.npz,-0.07767307013273239,0.05615408718585968,0.0,0.0
23,40,pid_23/seg_00040.npz,-0.07590749114751816,0.06081370636820793,0.0,0.0
23,41,pid_23/seg_00041.npz,0.158424511551857,0.026226706802845,0.0,0.0
23,42,pid_23/seg_00042.npz,0.09069006145000458,-0.07307299226522446,0.0,0.0
23,43,pid_23/seg_00043.npz,0.0809512659907341,0.06697075068950653,0.0,0.0
23,44,pid_23/seg_00044.npz,0.06024580076336861,0.08141843974590302,0.0,0.0
23,45,pid_23/seg_00045.npz,0.07606799900531769,0.07315455377101898,0.0,0.0
23,46,pid_23/seg_00046.npz,-0.061051107943058014,0.07957962900400162,0.0,0.0
23,47,pid_23/seg_00047.npz,0.016786998137831688,0.09678836911916733,-0.5,0.0
23,48,pid_23/seg_00048.npz,-0.1297508031129837,0.06704956293106079,-0.5,0.0
23,49,pid_23/seg_00049.npz,-0.35645928978919983,0.04227752611041069,-0.5,0.0
23,50,pid_23/seg_00050.npz,-0.24057598412036896,0.06146892160177231,-0.5,0.0
23,51,pid_23/seg_00051.npz,-0.28194350004196167,0.05242477357387543,-0.5,0.0
23,52,pid_23/seg_00052.npz,-0.20437638461589813,0.048990994691848755,-0.5,0.0
23,53,pid_23/seg_00053.npz,-0.3022294044494629,0.03932015225291252,-0.5,0.0
23,54,pid_23/seg_00054.npz,-0.28796306252479553,0.034246187657117844,-0.5,0.0
23,55,pid_23/seg_00055.npz,-0.14111538231372833,0.009832842275500298,-0.5,0.0
23,56,pid_23/seg_00056.npz,-0.16420574486255646,0.01916523650288582,-0.5,0.0
23,57,pid_23/seg_00057.npz,-0.21373629570007324,0.025905894115567207,-0.5,0.0
23,58,pid_23/seg_00058.npz,-0.07824225723743439,0.07016795128583908,-0.5,0.0
23,59,pid_23/seg_00059.npz,-0.0381513386964798,0.09655115753412247,-0.5,0.0
23,60,pid_23/seg_00060.npz,-0.005546451546251774,0.09661811590194702,-0.5,0.0
23,61,pid_23/seg_00061.npz,-0.13368897140026093,0.04718345031142235,-0.5,0.0
23,62,pid_23/seg_00062.npz,-0.24271368980407715,0.03780432417988777,-1.0,0.0
23,63,pid_23/seg_00063.npz,-0.18703578412532806,0.030818752944469452,-1.0,0.0
23,64,pid_23/seg_00064.npz,-0.239559605717659,0.024937644600868225,-0.5,0.0
23,65,pid_23/seg_00065.npz,-0.11338119953870773,0.05488679185509682,-0.5,0.0
23,66,pid_23/seg_00066.npz,-0.08092791587114334,0.06328707933425903,-0.5,0.0
23,67,pid_23/seg_00067.npz,-0.1418246477842331,0.0669684112071991,-0.5,0.0
23,68,pid_23/seg_00068.npz,-0.21414417028427124,0.05667870119214058,-0.5,0.0
23,69,pid_23/seg_00069.npz,-0.18448977172374725,0.050134655088186264,-0.5,0.0
23,70,pid_23/seg_00070.npz,-0.14798229932785034,0.05755038186907768,-0.5,0.0
23,71,pid_23/seg_00071.npz,-0.0817151591181755,0.05094349756836891,-0.5,0.0
23,72,pid_23/seg_00072.npz,-0.13623188436031342,0.04373294860124588,0.0,0.0
23,73,pid_23/seg_00073.npz,-0.13910773396492004,0.04829481244087219,0.5,0.0
23,74,pid_23/seg_00074.npz,-0.2957518696784973,0.030814435333013535,0.5,0.0
23,75,pid_23/seg_00075.npz,-0.14914150536060333,0.02486252412199974,0.0,0.0
23,76,pid_23/seg_00076.npz,-0.066917285323143,-0.15124256908893585,0.0,0.0
23,77,pid_23/seg_00077.npz,-0.16725686192512512,0.021275455132126808,0.0,0.0
23,78,pid_23/seg_00078.npz,-0.12059095501899719,0.04175364598631859,0.0,0.0
23,79,pid_23/seg_00079.npz,-0.07553362101316452,-0.07244663685560226,0.0,0.0
23,80,pid_23/seg_00080.npz,-0.1347363442182541,-0.00258064572699368,0.0,0.0
23,81,pid_23/seg_00081.npz,0.2464480996131897,-0.26856836676597595,0.0,0.0
23,82,pid_23/seg_00082.npz,-0.18305371701717377,0.04397604614496231,0.0,0.0
23,83,pid_23/seg_00083.npz,-0.0780373215675354,0.052857547998428345,0.0,0.0
23,84,pid_23/seg_00084.npz,-0.0011107096215710044,0.09601535648107529,0.0,0.0
23,85,pid_23/seg_00085.npz,-0.04304388165473938,0.08264892548322678,-0.5,0.0
23,86,pid_23/seg_00086.npz,0.02588534727692604,0.09733954817056656,-0.5,0.0
23,87,pid_23/seg_00087.npz,0.01797766238451004,0.09753913432359695,0.0,0.0
23,88,pid_23/seg_00088.npz,0.03002072684466839,0.0942000225186348,0.0,0.0
23,89,pid_23/seg_00089.npz,-0.04498954489827156,0.08081715553998947,0.0,0.0
23,90,pid_23/seg_00090.npz,0.024351920932531357,-0.11135731637477875,0.0,0.0
23,91,pid_23/seg_00091.npz,-0.07953224331140518,0.04973134398460388,0.0,0.0
23,92,pid_23/seg_00092.npz,-0.06912679225206375,0.07694528251886368,0.0,0.0
23,93,pid_23/seg_00093.npz,-0.16058407723903656,0.06243934482336044,0.0,0.0
23,94,pid_23/seg_00094.npz,-0.16416797041893005,0.05728169158101082,-0.5,0.0
23,95,pid_23/seg_00095.npz,-0.2070935070514679,0.04209623485803604,-0.5,0.0
23,96,pid_23/seg_00096.npz,-0.20490482449531555,0.04582657292485237,-0.5,0.0
23,97,pid_23/seg_00097.npz,-0.1431914120912552,0.04797405004501343,-0.5,0.0
23,98,pid_23/seg_00098.npz,-0.20795662701129913,0.05587966367602348,-0.5,0.0
23,99,pid_23/seg_00099.npz,-0.19809629023075104,0.038116469979286194,-0.5,0.0
23,100,pid_23/seg_00100.npz,-0.13264967501163483,0.025537120178341866,-0.5,0.0
23,101,pid_23/seg_00101.npz,-0.16951477527618408,0.032820094376802444,-0.5,0.0
23,102,pid_23/seg_00102.npz,-0.27059605717658997,0.045995865017175674,-0.5,0.0
23,103,pid_23/seg_00103.npz,-0.13706478476524353,0.0923522487282753,-0.5,0.0
23,104,pid_23/seg_00104.npz,-0.07837799191474915,0.09276439249515533,-0.5,0.0
23,105,pid_23/seg_00105.npz,-0.2656513750553131,0.0573197640478611,-0.5,0.0
23,106,pid_23/seg_00106.npz,-0.27716395258903503,0.05617933347821236,0.0,0.0
23,107,pid_23/seg_00107.npz,-0.36796456575393677,0.012992633506655693,0.0,0.0
23,108,pid_23/seg_00108.npz,-0.20779526233673096,0.03806755319237709,-0.5,0.0
23,109,pid_23/seg_00109.npz,-0.3487725555896759,0.022223690524697304,0.0,0.0
23,110,pid_23/seg_00110.npz,-0.30994459986686707,0.030151352286338806,0.0,0.0
23,111,pid_23/seg_00111.npz,-0.19916845858097076,0.026269767433404922,0.0,0.0
23,112,pid_23/seg_00112.npz,0.08139532059431076,0.06366050243377686,-0.5,0.0
23,113,pid_23/seg_00113.npz,-0.106454998254776,0.04065771400928497,-0.5,0.0
23,114,pid_23/seg_00114.npz,0.013374347239732742,0.09122824668884277,0.0,0.0
23,115,pid_23/seg_00115.npz,-0.08913060277700424,0.05941467732191086,0.0,0.0
23,116,pid_23/seg_00116.npz,-0.03823459893465042,0.08420306444168091,0.0,0.0
23,117,pid_23/seg_00117.npz,-0.09898825734853745,0.03947461396455765,0.0,0.0
23,118,pid_23/seg_00118.npz,-0.042639460414648056,0.07944309711456299,-0.5,0.0
23,119,pid_23/seg_00119.npz,-0.004425104707479477,0.09324409812688828,-0.5,0.0
23,120,pid_23/seg_00120.npz,-0.1731310486793518,0.02909579873085022,-0.5,0.0
23,121,pid_23/seg_00121.npz,-0.03000025823712349,0.08777155727148056,-0.5,0.0
31,0,pid_31/seg_00000.npz,-0.1343708336353302,0.07539715617895126,0.0,0.5
31,1,pid_31/seg_00001.npz,0.08921924978494644,0.11030062288045883,0.0,0.0
31,2,pid_31/seg_00002.npz,0.10148463398218155,0.10510632395744324,0.5,0.0
31,3,pid_31/seg_00003.npz,0.09475895762443542,0.11662472784519196,0.5,0.0
31,4,pid_31/seg_00004.npz,0.07878640294075012,0.12460198253393173,0.5,0.0
31,5,pid_31/seg_00005.npz,-0.12443084269762039,0.10707631707191467,0.5,0.0
31,6,pid_31/seg_00006.npz,-0.009054655209183693,0.1199692115187645,0.0,0.0
31,7,pid_31/seg_00007.npz,-0.1515945941209793,0.09966395050287247,0.5,0.0
31,8,pid_31/seg_00008.npz,-0.08242354542016983,0.09298674762248993,0.0,-0.5
31,9,pid_31/seg_00009.npz,-0.09579192847013474,0.08910822123289108,0.0,0.0
31,10,pid_31/seg_00010.npz,-0.05621637403964996,0.10879730433225632,0.0,0.0
31,11,pid_31/seg_00011.npz,-0.056524451822042465,0.10895414650440216,0.0,0.0
31,12,pid_31/seg_00012.npz,-0.03043466992676258,0.1137772798538208,0.5,0.0
31,13,pid_31/seg_00013.npz,-0.029692521318793297,0.11093147099018097,0.5,0.0
31,14,pid_31/seg_00014.npz,0.0716560035943985,0.09504671394824982,0.5,0.0
31,15,pid_31/seg_00015.npz,-0.1529862880706787,0.07481037080287933,0.5,0.0
31,16,pid_31/seg_00016.npz,-0.22375699877738953,0.11055075377225876,0.0,0.0
31,17,pid_31/seg_00017.npz,-0.1860281527042389,0.11440384387969971,0.5,0.0
31,18,pid_31/seg_00018.npz,0.15759548544883728,0.030429910868406296,0.5,0.0
31,19,pid_31/seg_00019.npz,0.011285167187452316,0.10228715091943741,0.0,0.0
31,20,pid_31/seg_00020.npz,-0.07907885313034058,0.09664618968963623,0.0,-0.5
31,21,pid_31/seg_00021.npz,-0.11311278492212296,0.07768584042787552,0.0,0.0
31,22,pid_31/seg_00022.npz,-0.06648090481758118,0.0939602181315422,0.0,0.0
31,23,pid_31/seg_00023.npz,-0.1922840178012848,0.057529862970113754,0.0,0.0
31,24,pid_31/seg_00024.npz,-0.16349805891513824,0.0588638111948967,-0.5,0.0
31,25,pid_31/seg_00025.npz,-0.19080322980880737,0.04759771004319191,0.0,0.0
31,26,pid_31/seg_00026.npz,-0.11153306066989899,0.14107736945152283,0.0,0.0
31,27,pid_31/seg_00027.npz,0.0993788093328476,0.1439984142780304,0.0,0.0
31,28,pid_31/seg_00028.npz,0.07700460404157639,0.1545782834291458,0.0,0.0
31,29,pid_31/seg_00029.npz,0.09112007170915604,0.142679825425148,0.0,0.0
31,30,pid_31/seg_00030.npz,-0.13829652965068817,0.12501296401023865,0.0,0.0
31,31,pid_31/seg_00031.npz,-0.3116777241230011,0.08129142969846725,0.0,0.0
31,32,pid_31/seg_00032.npz,-0.30865585803985596,0.07454736530780792,0.0,0.0
31,33,pid_31/seg_00033.npz,-0.320438027381897,0.09975434094667435,0.0,0.0
31,34,pid_31/seg_00034.npz,-0.2205554097890854,0.11042849719524384,0.0,0.0
31,35,pid_31/seg_00035.npz,-0.13049975037574768,0.14593970775604248,0.0,0.0
31,36,pid_31/seg_00036.npz,-0.10793881118297577,0.16587254405021667,0.0,0.0
31,37,pid_31/seg_00037.npz,-0.28093770146369934,0.12265285104513168,0.0,0.0
31,38,pid_31/seg_00038.npz,-0.1587604582309723,0.1530715823173523,0.0,0.0
31,39,pid_31/seg_00039.npz,-0.18661725521087646,0.09473762661218643,0.0,0.0
31,40,pid_31/seg_00040.npz,-0.2154148519039154,0.09999676048755646,0.0,0.0
31,41,pid_31/seg_00041.npz,-0.21685442328453064,0.10594955831766129,0.0,0.0
31,42,pid_31/seg_00042.npz,-0.3497159481048584,0.07723041623830795,0.0,0.0
31,43,pid_31/seg_00043.npz,-0.46504682302474976,0.059960123151540756,0.0,0.0
31,44,pid_31/seg_00044.npz,-0.39076337218284607,0.08312243223190308,0.0,0.0
31,45,pid_31/seg_00045.npz,-0.5464975833892822,0.05811937153339386,0.0,0.0
31,46,pid_31/seg_00046.npz,-0.5295178890228271,0.05984260514378548,0.0,0.0
31,47,pid_31/seg_00047.npz,-0.5763252973556519,0.05012054368853569,0.0,0.0
31,48,pid_31/seg_00048.npz,-0.203348308801651,0.09016752243041992,0.0,0.0
31,49,pid_31/seg_00049.npz,0.1342814862728119,0.08609937876462936,0.0,0.0
31,50,pid_31/seg_00050.npz,0.16615888476371765,0.09313982725143433,0.0,0.0
31,51,pid_31/seg_00051.npz,0.1769838035106659,0.07917666435241699,0.0,0.0
31,52,pid_31/seg_00052.npz,-0.052882153540849686,0.11121222376823425,0.5,0.0
31,53,pid_31/seg_00053.npz,-0.023194389417767525,0.1234288364648819,0.0,0.0
31,54,pid_31/seg_00054.npz,0.08409681171178818,0.11014357209205627,0.0,0.0
31,55,pid_31/seg_00055.npz,-0.08060581982135773,0.09912372380495071,0.0,0.0
31,56,pid_31/seg_00056.npz,-0.19973130524158478,0.08354336768388748,0.5,0.0
31,57,pid_31/seg_00057.npz,-0.08320150524377823,0.10823214054107666,0.0,0.0
31,58,pid_31/seg_00058.npz,-0.072617307305336,0.11501255631446838,0.0,0.0
31,59,pid_31/seg_00059.npz,-0.14050763845443726,0.10984501242637634,0.5,0.0
31,60,pid_31/seg_00060.npz,-0.08689159154891968,0.09122167527675629,0.5,0.0
31,61,pid_31/seg_00061.npz,0.10990510880947113,0.10630965977907181,0.0,0.0
31,62,pid_31/seg_00062.npz,-0.02502218447625637,0.1288607269525528,0.5,0.0
31,63,pid_31/seg_00063.npz,-0.2203047126531601,0.09492363035678864,0.0,0.0
31,64,pid_31/seg_00064.npz,-0.16524849832057953,0.10423930734395981,0.0,0.0
31,65,pid_31/seg_00065.npz,-0.1220734640955925,0.11341850459575653,0.0,0.0
31,66,pid_31/seg_00066.npz,-0.07555362582206726,0.11843901127576828,0.0,0.0
31,67,pid_31/seg_00067.npz,0.018909107893705368,0.12361076474189758,0.0,0.0
31,68,pid_31/seg_00068.npz,-0.3404155671596527,0.07764780521392822,0.0,0.0
31,69,pid_31/seg_00069.npz,-0.3849047124385834,0.06382469087839127,0.0,0.0
31,70,pid_31/seg_00070.npz,-0.29592466354370117,0.07984978705644608,0.0,0.0
31,71,pid_31/seg_00071.npz,-0.3767995238304138,0.06943009048700333,0.0,0.0
31,72,pid_31/seg_00072.npz,-0.3559064567089081,0.06346897035837173,0.0,0.0
31,73,pid_31/seg_00073.npz,-0.3948940634727478,0.07069656252861023,0.0,0.0
31,74,pid_31/seg_00074.npz,-0.4341580271720886,0.06422217190265656,0.0,0.0
31,75,pid_31/seg_00075.npz,-0.3801177740097046,0.06993985921144485,0.0,0.0
31,76,pid_31/seg_00076.npz,-0.23579910397529602,0.08414127677679062,0.0,0.0
31,77,pid_31/seg_00077.npz,-0.37722548842430115,0.07360871136188507,0.0,0.0
31,78,pid_31/seg_00078.npz,-0.3703165650367737,0.07966281473636627,0.0,0.0
31,79,pid_31/seg_00079.npz,-0.3151434659957886,0.08305683732032776,0.0,0.0
31,80,pid_31/seg_00080.npz,-0.11944859474897385,0.08385056257247925,0.0,0.0
31,81,pid_31/seg_00081.npz,0.008761662989854813,0.11855848878622055,0.5,0.0
31,82,pid_31/seg_00082.npz,0.00232251756824553,0.1324048787355423,0.0,0.0
31,83,pid_31/seg_00083.npz,-0.0976434275507927,0.11770778894424438,0.0,0.0
31,84,pid_31/seg_00084.npz,0.02996891736984253,0.12328542023897171,0.5,0.0
31,85,pid_31/seg_00085.npz,0.029682086780667305,0.11658450216054916,0.5,0.0
31,86,pid_31/seg_00086.npz,-0.06741318851709366,0.111406609416008,0.0,0.0
31,87,pid_31/seg_00087.npz,-0.029767267405986786,0.10438255220651627,0.0,0.0
31,88,pid_31/seg_00088.npz,-0.029388660565018654,0.11983107030391693,0.0,0.0
31,89,pid_31/seg_00089.npz,-0.06760769337415695,0.10488461703062057,0.0,0.0
31,90,pid_31/seg_00090.npz,-0.093849778175354,0.08656179904937744,0.0,0.0
31,91,pid_31/seg_00091.npz,-0.23828436434268951,0.06059544160962105,0.0,0.0
31,92,pid_31/seg_00092.npz,-0.0745958611369133,0.09290502220392227,0.0,0.0
31,93,pid_31/seg_00093.npz,-0.12435676902532578,0.057092420756816864,0.0,0.0
31,94,pid_31/seg_00094.npz,-0.08584602922201157,0.06014576181769371,0.0,0.0
31,95,pid_31/seg_00095.npz,-0.14960916340351105,0.07184284925460815,0.0,0.0
31,96,pid_31/seg_00096.npz,-0.13672736287117004,0.1006675660610199,0.0,-0.5
31,97,pid_31/seg_00097.npz,-0.06239372864365578,0.11019213497638702,0.5,0.0
31,98,pid_31/seg_00098.npz,0.01606849394738674,0.1223260760307312,0.5,0.0
31,99,pid_31/seg_00099.npz,-0.06515368074178696,0.13970643281936646,0.0,0.0
31,100,pid_31/seg_00100.npz,-0.06879209727048874,0.12267395108938217,0.0,0.0
31,101,pid_31/seg_00101.npz,-0.11307927966117859,0.09527185559272766,0.0,0.0
31,102,pid_31/seg_00102.npz,-0.2774942219257355,0.07249025255441666,0.0,0.0
31,103,pid_31/seg_00103.npz,-0.48374688625335693,0.07200978696346283,0.0,0.0
31,104,pid_31/seg_00104.npz,-0.5508577227592468,0.04516814649105072,0.0,0.0
31,105,pid_31/seg_00105.npz,-0.4024507403373718,0.1035662367939949,0.0,0.0
31,106,pid_31/seg_00106.npz,-0.2324914187192917,0.09136766940355301,0.0,0.0
31,107,pid_31/seg_00107.npz,-0.1597665548324585,0.09708554297685623,0.0,0.0
31,108,pid_31/seg_00108.npz,0.025890395045280457,0.12311019003391266,0.0,0.0
31,109,pid_31/seg_00109.npz,0.06932417303323746,0.1295788586139679,0.0,0.0
31,110,pid_31/seg_00110.npz,0.013270905241370201,0.1371551752090454,0.0,0.0
31,111,pid_31/seg_00111.npz,0.03354940190911293,0.13234812021255493,0.0,0.0
31,112,pid_31/seg_00112.npz,-0.20287077128887177,0.11261455714702606,0.0,0.0
31,113,pid_31/seg_00113.npz,-0.4034554958343506,0.07308660447597504,0.0,0.0
31,114,pid_31/seg_00114.npz,-0.3350850045681,0.06137380003929138,0.0,0.0
31,115,pid_31/seg_00115.npz,-0.36370399594306946,0.07488587498664856,0.0,0.0
31,116,pid_31/seg_00116.npz,-0.5500000715255737,0.042923081666231155,0.0,0.0
31,117,pid_31/seg_00117.npz,-0.3401803970336914,0.0544457770884037,0.0,0.0
31,118,pid_31/seg_00118.npz,0.1059327945113182,0.07658234238624573,0.0,0.0
31,119,pid_31/seg_00119.npz,0.14215852320194244,0.10392124950885773,0.0,0.0
31,120,pid_31/seg_00120.npz,0.020945003256201744,0.14537060260772705,0.0,0.0
31,121,pid_31/seg_00121.npz,-0.011836319230496883,0.1720072478055954,0.0,0.0
31,122,pid_31/seg_00122.npz,-0.11278878897428513,0.09545062482357025,0.0,0.0
31,123,pid_31/seg_00123.npz,0.10975835472345352,0.0833778902888298,0.0,0.0
31,124,pid_31/seg_00124.npz,0.12398801743984222,0.0761793926358223,0.0,0.0
31,125,pid_31/seg_00125.npz,-0.011955729685723782,0.11071579903364182,0.0,0.0
31,126,pid_31/seg_00126.npz,0.059500232338905334,0.1400430053472519,0.5,0.0
31,127,pid_31/seg_00127.npz,0.0493503175675869,0.10947611927986145,0.5,0.0
31,128,pid_31/seg_00128.npz,-0.14866749942302704,0.06661324203014374,0.0,0.0
31,129,pid_31/seg_00129.npz,-0.08741515129804611,0.0798620879650116,0.0,0.0
31,130,pid_31/seg_00130.npz,-0.05415317043662071,0.09536664932966232,0.0,0.0
31,131,pid_31/seg_00131.npz,-0.024412499740719795,0.11181314289569855,0.0,0.0
20,0,pid_20/seg_00000.npz,-0.29856833815574646,0.0772230252623558,-0.5,0.0
20,1,pid_20/seg_00001.npz,-0.2046557366847992,0.06843342632055283,-0.5,0.0
20,2,pid_20/seg_00002.npz,-0.2719370126724243,0.061516210436820984,0.0,0.0
20,3,pid_20/seg_00003.npz,-0.3597908318042755,0.06421489268541336,0.0,0.0
20,4,pid_20/seg_00004.npz,-0.3118605613708496,0.061442527920007706,-0.5,0.0
20,5,pid_20/seg_00005.npz,-0.3536483347415924,0.06860440224409103,0.0,0.0
20,6,pid_20/seg_00006.npz,-0.289730042219162,0.08222359418869019,-0.5,0.0
20,7,pid_20/seg_00007.npz,-0.463272362947464,0.054640769958496094,-0.5,0.0
20,8,pid_20/seg_00008.npz,-0.3482263684272766,0.07474353909492493,-0.5,0.0
20,9,pid_20/seg_00009.npz,-0.28543567657470703,0.07324385643005371,-0.5,0.0
20,10,pid_20/seg_00010.npz,-0.3000464141368866,0.06574960052967072,0.0,0.0
20,11,pid_20/seg_00011.npz,-0.3734425902366638,0.09428583830595016,0.0,0.0
20,12,pid_20/seg_00012.npz,-0.43940016627311707,0.08574201166629791,0.0,0.0
20,13,pid_20/seg_00013.npz,-0.44412314891815186,0.06338656693696976,0.0,0.0
20,14,pid_20/seg_00014.npz,-0.41735658049583435,0.06940104067325592,-0.5,0.0
20,15,pid_20/seg_00015.npz,-0.3436586558818817,0.07541870325803757,-0.5,0.0
20,16,pid_20/seg_00016.npz,-0.3681190013885498,0.06463950872421265,-0.5,0.0
20,17,pid_20/seg_00017.npz,-0.3624015152454376,0.06978751718997955,-0.5,0.0
20,18,pid_20/seg_00018.npz,-0.34246423840522766,0.06954163312911987,0.0,0.0
20,19,pid_20/seg_00019.npz,-0.37704142928123474,0.0563361793756485,0.0,0.0
20,20,pid_20/seg_00020.npz,-0.10826607048511505,0.10960333794355392,0.0,0.0
20,21,pid_20/seg_00021.npz,-0.09557558596134186,0.1335715651512146,0.0,0.0
20,22,pid_20/seg_00022.npz,0.026079542934894562,0.13844706118106842,-0.5,0.0
20,23,pid_20/seg_00023.npz,-0.14806605875492096,0.06503809243440628,-0.5,0.0
20,24,pid_20/seg_00024.npz,-0.1338478922843933,0.0777001827955246,0.5,0.0
20,25,pid_20/seg_00025.npz,-0.1614392101764679,0.05469430610537529,0.0,0.0
20,26,pid_20/seg_00026.npz,-0.3332732617855072,0.06439085304737091,0.0,0.0
20,27,pid_20/seg_00027.npz,-0.11887539178133011,0.12944239377975464,0.0,0.0
20,28,pid_20/seg_00028.npz,-0.26217252016067505,0.05909593030810356,0.0,0.0
20,29,pid_20/seg_00029.npz,-0.3497708737850189,0.06345850229263306,0.5,0.0
20,30,pid_20/seg_00030.npz,-0.1756778508424759,0.07192963361740112,0.5,0.0
20,31,pid_20/seg_00031.npz,-0.1797754466533661,0.06739827245473862,0.0,0.0
20,32,pid_20/seg_00032.npz,-0.09232290834188461,0.13545651733875275,0.0,0.0
20,33,pid_20/seg_00033.npz,-0.06485908478498459,0.13035885989665985,0.5,0.0
20,34,pid_20/seg_00034.npz,0.005528293550014496,0.15436004102230072,0.0,0.0
20,35,pid_20/seg_00035.npz,-0.05163285881280899,0.1498163342475891,0.5,0.0
20,36,pid_20/seg_00036.npz,-0.07150077819824219,0.14420758187770844,0.5,-0.5
20,37,pid_20/seg_00037.npz,0.07710663974285126,0.13767826557159424,0.5,-0.5
20,38,pid_20/seg_00038.npz,-0.025318752974271774,0.14464589953422546,0.5,0.0
20,39,pid_20/seg_00039.npz,0.031280361115932465,0.1405269205570221,0.5,-0.5
20,40,pid_20/seg_00040.npz,-0.1552172154188156,0.07839838415384293,0.5,0.0
20,41,pid_20/seg_00041.npz,-0.0899449959397316,0.10057871788740158,0.5,0.0
20,42,pid_20/seg_00042.npz,-0.3168216943740845,0.05453291907906532,0.5,-0.5
20,43,pid_20/seg_00043.npz,-0.27372628450393677,0.06599298864603043,0.0,0.0
20,44,pid_20/seg_00044.npz,-0.3075258731842041,0.05786415562033653,0.0,0.0
20,45,pid_20/seg_00045.npz,-0.4054397940635681,0.04920336231589317,0.0,0.0
20,46,pid_20/seg_00046.npz,-0.4016408622264862,0.042429063469171524,0.0,0.0
20,47,pid_20/seg_00047.npz,-0.41753849387168884,0.0384259894490242,0.0,0.0
20,48,pid_20/seg_00048.npz,-0.46865183115005493,0.0467677004635334,0.0,0.0
20,49,pid_20/seg_00049.npz,-0.3061169981956482,0.07162342220544815,0.0,0.0
20,50,pid_20/seg_00050.npz,-0.43940412998199463,0.05467292293906212,0.0,0.0
20,51,pid_20/seg_00051.npz,-0.4922434091567993,0.05188066139817238,0.0,0.0
20,52,pid_20/seg_00052.npz,-0.4649789333343506,0.04691613093018532,0.0,0.0
20,53,pid_20/seg_00053.npz,-0.4002784192562103,0.05821215361356735,0.0,0.0
20,54,pid_20/seg_00054.npz,-0.34335342049598694,0.06080150976777077,0.0,0.0
20,55,pid_20/seg_00055.npz,-0.4068293869495392,0.05491448938846588,0.0,0.0
20,56,pid_20/seg_00056.npz,-0.4052669405937195,0.05807757005095482,0.0,0.0
20,57,pid_20/seg_00057.npz,-0.3937913179397583,0.05556046962738037,0.0,0.0
20,58,pid_20/seg_00058.npz,-0.14449337124824524,0.0802258849143982,0.0,0.0
20,59,pid_20/seg_00059.npz,-0.141570046544075,0.08078184723854065,0.0,0.0
20,60,pid_20/seg_00060.npz,-0.053282953798770905,0.12391181290149689,0.0,0.0
20,61,pid_20/seg_00061.npz,-0.1301937699317932,0.10326918214559555,0.0,0.0
20,62,pid_20/seg_00062.npz,-0.12615527212619781,0.09149210155010223,0.0,0.0
20,63,pid_20/seg_00063.npz,-0.22505080699920654,0.057719744741916656,0.0,0.0
20,64,pid_20/seg_00064.npz,-0.03206581249833107,0.14382395148277283,0.0,0.0
20,65,pid_20/seg_00065.npz,0.041080571711063385,0.1168309822678566,0.0,0.0
20,66,pid_20/seg_00066.npz,0.14146289229393005,0.042979080229997635,0.0,0.0
20,67,pid_20/seg_00067.npz,-0.07400120794773102,0.11517080664634705,0.0,0.0
20,68,pid_20/seg_00068.npz,-0.08061390370130539,0.1082901582121849,0.5,0.0
20,69,pid_20/seg_00069.npz,0.01530840527266264,0.11631196737289429,0.5,0.0
20,70,pid_20/seg_00070.npz,-0.08929729461669922,0.12264595925807953,0.5,0.0
20,71,pid_20/seg_00071.npz,0.08265779912471771,0.09016871452331543,0.5,0.0
20,72,pid_20/seg_00072.npz,-0.0920308455824852,0.11483685672283173,0.5,0.0
20,73,pid_20/seg_00073.npz,0.008156592026352882,0.12281794100999832,0.5,0.0
20,74,pid_20/seg_00074.npz,-0.0660942792892456,0.10417462885379791,0.5,0.0
20,75,pid_20/seg_00075.npz,-0.12185851484537125,0.09510526061058044,0.5,0.0
20,76,pid_20/seg_00076.npz,-0.08648212999105453,0.11324997991323471,0.5,0.0
20,77,pid_20/seg_00077.npz,-0.04494006186723709,0.13080057501792908,0.5,0.0
20,78,pid_20/seg_00078.npz,-0.023509953171014786,0.11886761337518692,0.5,0.0
20,79,pid_20/seg_00079.npz,-0.11778765171766281,0.10444995760917664,0.5,0.0
20,80,pid_20/seg_00080.npz,-0.2557664215564728,0.07534639537334442,0.5,0.0
20,81,pid_20/seg_00081.npz,-0.3077792227268219,0.07054967433214188,0.0,0.0
20,82,pid_20/seg_00082.npz,-0.36115121841430664,0.05188845470547676,0.0,0.0
20,83,pid_20/seg_00083.npz,-0.25176119804382324,0.06007194146513939,0.0,0.0
20,84,pid_20/seg_00084.npz,-0.3771780729293823,0.05356549099087715,0.0,0.0
20,85,pid_20/seg_00085.npz,-0.37946128845214844,0.06021306663751602,0.0,0.0
20,86,pid_20/seg_00086.npz,-0.35523495078086853,0.056711744517087936,0.0,0.0
20,87,pid_20/seg_00087.npz,-0.3445581793785095,0.05341504141688347,0.0,0.0
20,88,pid_20/seg_00088.npz,-0.2908891439437866,0.0735088586807251,0.0,0.0
20,89,pid_20/seg_00089.npz,-0.36953336000442505,0.06288566440343857,0.0,0.0
20,90,pid_20/seg_00090.npz,-0.3683723211288452,0.05026295408606529,0.0,0.0
20,91,pid_20/seg_00091.npz,-0.34514835476875305,0.04618389159440994,0.0,0.0
20,92,pid_20/seg_00092.npz,-0.25863996148109436,0.05167504772543907,0.0,0.0
20,93,pid_20/seg_00093.npz,-0.3642576038837433,0.04808015748858452,0.0,0.0
20,94,pid_20/seg_00094.npz,-0.3938988745212555,0.04362933337688446,0.0,0.0
20,95,pid_20/seg_00095.npz,-0.383271187543869,0.05818873271346092,0.0,0.0
20,96,pid_20/seg_00096.npz,-0.35588911175727844,0.06764071434736252,0.0,0.0
20,97,pid_20/seg_00097.npz,-0.38872700929641724,0.05020393431186676,0.0,0.0
20,98,pid_20/seg_00098.npz,-0.27756285667419434,0.05142807960510254,0.0,0.0
20,99,pid_20/seg_00099.npz,-0.15955157577991486,0.06445550173521042,0.0,0.0
20,100,pid_20/seg_00100.npz,-0.02254587598145008,0.13578973710536957,0.0,0.0
20,101,pid_20/seg_00101.npz,-0.1458503007888794,0.09020011872053146,0.0,0.0
20,102,pid_20/seg_00102.npz,-0.1326521933078766,0.08204388618469238,0.0,0.0
20,103,pid_20/seg_00103.npz,-0.07371421158313751,0.12056447565555573,0.0,0.0
20,104,pid_20/seg_00104.npz,-0.1610279381275177,0.08481398969888687,0.0,0.0
20,105,pid_20/seg_00105.npz,-0.032444946467876434,0.13616962730884552,0.5,0.0
20,106,pid_20/seg_00106.npz,-0.03622624650597572,0.11769629269838333,0.5,-0.5
20,107,pid_20/seg_00107.npz,0.08376529812812805,0.11478137224912643,0.5,-0.5
20,108,pid_20/seg_00108.npz,-0.03165796399116516,0.12736272811889648,0.5,-0.5
20,109,pid_20/seg_00109.npz,-0.0754208117723465,0.1309102326631546,0.5,-0.5
20,110,pid_20/seg_00110.npz,-0.05756708234548569,0.12301240116357803,0.5,-0.5
20,111,pid_20/seg_00111.npz,0.06866437941789627,0.11886996775865555,0.5,0.0
20,112,pid_20/seg_00112.npz,0.04861970990896225,0.12793195247650146,0.0,0.0
20,113,pid_20/seg_00113.npz,-0.024188177660107613,0.15967515110969543,0.0,0.0
20,114,pid_20/seg_00114.npz,-0.03554604947566986,0.13492386043071747,0.0,0.0
20,115,pid_20/seg_00115.npz,-0.057154953479766846,0.1517159789800644,0.0,0.0
20,116,pid_20/seg_00116.npz,-0.027959872037172318,0.13957449793815613,0.0,0.0
20,117,pid_20/seg_00117.npz,-0.06210789829492569,0.12436357885599136,0.0,0.0
20,118,pid_20/seg_00118.npz,-0.021139441058039665,0.1154707744717598,0.0,0.0
20,119,pid_20/seg_00119.npz,0.04660377278923988,0.12049403786659241,0.0,0.0
20,120,pid_20/seg_00120.npz,0.10431867837905884,0.09675860404968262,0.0,0.0
20,121,pid_20/seg_00121.npz,-0.021597793325781822,0.1293974071741104,0.0,0.0
20,122,pid_20/seg_00122.npz,-0.06843888014554977,0.1293184906244278,0.0,0.0
20,123,pid_20/seg_00123.npz,-0.15531115233898163,0.12697653472423553,0.5,0.0
20,124,pid_20/seg_00124.npz,-0.32870161533355713,0.043329089879989624,-0.5,0.0
22,0,pid_22/seg_00000.npz,-0.42835643887519836,0.010407917201519012,-0.5,0.0
22,1,pid_22/seg_00001.npz,-0.19338104128837585,0.009072220884263515,0.0,0.0
22,2,pid_22/seg_00002.npz,-0.2184094339609146,-0.017747657373547554,-0.5,0.0
22,3,pid_22/seg_00003.npz,-0.13761386275291443,-0.029202379286289215,-0.5,0.0
22,4,pid_22/seg_00004.npz,-0.27220290899276733,0.010839984752237797,0.0,0.0
22,5,pid_22/seg_00005.npz,-0.1642349660396576,0.0005827948916703463,0.0,0.0
22,6,pid_22/seg_00006.npz,-0.29324162006378174,0.015524760819971561,-0.5,0.0
22,7,pid_22/seg_00007.npz,0.003658903297036886,-0.1424051970243454,-0.5,0.0
22,8,pid_22/seg_00008.npz,-0.12197022140026093,-0.044580552726984024,-0.5,0.0
22,9,pid_22/seg_00009.npz,-0.1805860698223114,-0.006552630104124546,0.0,0.0
22,10,pid_22/seg_00010.npz,-0.14851178228855133,0.006994062568992376,0.0,0.0
22,11,pid_22/seg_00011.npz,-0.19817468523979187,-0.004830603022128344,-0.5,0.0
22,12,pid_22/seg_00012.npz,-0.4084535241127014,-0.03370847553014755,0.0,0.0
22,13,pid_22/seg_00013.npz,-0.4252539575099945,0.008594647981226444,0.0,0.0
22,14,pid_22/seg_00014.npz,-0.3986567556858063,0.0015610726550221443,0.0,0.0
22,15,pid_22/seg_00015.npz,-0.284148633480072,0.028768768534064293,0.0,0.0
22,16,pid_22/seg_00016.npz,-0.19021135568618774,0.012073516845703125,0.0,0.0
22,17,pid_22/seg_00017.npz,-0.1542361080646515,0.05356014892458916,-0.5,0.0
22,18,pid_22/seg_00018.npz,-0.19530089199543,0.041399747133255005,0.0,0.0
22,19,pid_22/seg_00019.npz,-0.2777189016342163,0.029681654646992683,-0.5,0.0
22,20,pid_22/seg_00020.npz,-0.3439848721027374,0.0047538671642541885,-0.5,0.0
22,21,pid_22/seg_00021.npz,-0.24792265892028809,0.00574604282155633,-0.5,0.0
22,22,pid_22/seg_00022.npz,-0.30836623907089233,0.021221544593572617,-0.5,0.0
22,23,pid_22/seg_00023.npz,-0.38098984956741333,0.025298740714788437,-0.5,0.0
22,24,pid_22/seg_00024.npz,-0.36122697591781616,0.021263474598526955,-0.5,0.0
22,25,pid_22/seg_00025.npz,-0.32771265506744385,0.02994975820183754,-0.5,0.0
22,26,pid_22/seg_00026.npz,-0.28453528881073,0.026784861460328102,-0.5,0.0
22,27,pid_22/seg_00027.npz,-0.38098084926605225,0.025655867531895638,-0.5,0.0
22,28,pid_22/seg_00028.npz,-0.2984723448753357,0.045164041221141815,-0.5,0.0
22,29,pid_22/seg_00029.npz,-0.3449832499027252,0.04540196433663368,-0.5,0.0
22,30,pid_22/seg_00030.npz,-0.430521696805954,0.03764484077692032,-0.5,0.0
22,31,pid_22/seg_00031.npz,-0.2679463028907776,0.031290698796510696,-1.0,0.0
22,32,pid_22/seg_00032.npz,-0.2622263729572296,0.02867748588323593,-1.0,0.0
22,33,pid_22/seg_00033.npz,-0.32827097177505493,-0.008664947003126144,-0.5,0.0
22,34,pid_22/seg_00034.npz,-0.3712562322616577,0.023581035435199738,-0.5,0.0
22,35,pid_22/seg_00035.npz,-0.4607413411140442,0.016985520720481873,0.0,0.0
22,36,pid_22/seg_00036.npz,-0.38582104444503784,0.011393350549042225,0.0,0.0
22,37,pid_22/seg_00037.npz,-0.33099132776260376,0.03353412076830864,0.0,0.0
22,38,pid_22/seg_00038.npz,-0.21951653063297272,0.014202690683305264,-0.5,0.0
22,39,pid_22/seg_00039.npz,-0.187519371509552,-0.0038189515471458435,-0.5,0.0
22,40,pid_22/seg_00040.npz,-0.15007366240024567,-0.032989781349897385,-0.5,0.0
22,41,pid_22/seg_00041.npz,-0.2125125378370285,-0.019352933391928673,-0.5,0.0
22,42,pid_22/seg_00042.npz,-0.19806045293807983,-0.008039924316108227,-0.5,0.0
22,43,pid_22/seg_00043.npz,-0.31418725848197937,-0.14654144644737244,-0.5,0.0
22,44,pid_22/seg_00044.npz,-0.2600555121898651,-0.028901096433401108,-0.5,0.0
22,45,pid_22/seg_00045.npz,-0.22860585153102875,-0.010497886687517166,-0.5,0.0
22,46,pid_22/seg_00046.npz,-0.34313279390335083,-0.040315937250852585,-0.5,0.0
22,47,pid_22/seg_00047.npz,-0.21213610470294952,-0.023550113663077354,-0.5,0.0
22,48,pid_22/seg_00048.npz,-0.36538565158843994,-0.020611124113202095,-0.5,0.0
22,49,pid_22/seg_00049.npz,-0.27514001727104187,-0.050798699259757996,-0.5,0.0
22,50,pid_22/seg_00050.npz,-0.2816077470779419,-0.012654876336455345,-0.5,0.0
22,51,pid_22/seg_00051.npz,-0.3301248848438263,-0.06497114151716232,-0.5,0.0
22,52,pid_22/seg_00052.npz,-0.3865838348865509,-0.017785141244530678,0.5,0.0
22,53,pid_22/seg_00053.npz,-0.5846796035766602,-0.06493011116981506,-1.0,0.0
22,54,pid_22/seg_00054.npz,-0.4652941823005676,0.014509233646094799,-1.0,0.0
22,55,pid_22/seg_00055.npz,-0.38657477498054504,-0.03504977002739906,-1.0,0.0
22,56,pid_22/seg_00056.npz,-0.39795857667922974,-0.012670677155256271,-1.0,0.0
22,57,pid_22/seg_00057.npz,-0.41675323247909546,-0.050454847514629364,-1.0,0.0
22,58,pid_22/seg_00058.npz,-0.3042789399623871,-0.02279249206185341,-1.0,0.0
22,59,pid_22/seg_00059.npz,-0.38743048906326294,-0.06748837977647781,-1.0,0.0
22,60,pid_22/seg_00060.npz,-0.30213862657546997,-0.016582874581217766,-1.0,0.0
22,61,pid_22/seg_00061.npz,-0.3391999900341034,-0.018304958939552307,-1.0,0.0
22,62,pid_22/seg_00062.npz,-0.35542190074920654,0.0068433163687586784,-1.0,0.0
22,63,pid_22/seg_00063.npz,-0.34432452917099,-0.004342913627624512,-1.0,0.0
22,64,pid_22/seg_00064.npz,-0.2718833386898041,-0.0010982180247083306,-1.0,0.0
22,65,pid_22/seg_00065.npz,-0.3305690884590149,-0.013108999468386173,-1.0,0.0
22,66,pid_22/seg_00066.npz,-0.470475435256958,-0.05932334437966347,-1.0,0.0
22,67,pid_22/seg_00067.npz,-0.4209165871143341,-0.01883319765329361,-1.0,0.0
22,68,pid_22/seg_00068.npz,-0.40325820446014404,0.02600659243762493,-1.0,0.0
22,69,pid_22/seg_00069.npz,-0.24102644622325897,0.014579903334379196,-0.5,0.0
22,70,pid_22/seg_00070.npz,-0.31122756004333496,-0.023982491344213486,-0.5,0.0
22,71,pid_22/seg_00071.npz,-0.327341765165329,-0.056764841079711914,-0.5,0.0
22,72,pid_22/seg_00072.npz,-0.3312515318393707,-0.1335810273885727,-0.5,0.0
22,73,pid_22/seg_00073.npz,-0.3856343924999237,-0.17018704116344452,-0.5,0.0
22,74,pid_22/seg_00074.npz,-0.23575164377689362,-0.030387483537197113,-0.5,0.0
22,75,pid_22/seg_00075.npz,-0.31331825256347656,-0.04916825518012047,-0.5,0.0
22,76,pid_22/seg_00076.npz,-0.3057735562324524,-0.19273479282855988,-0.5,0.0
22,77,pid_22/seg_00077.npz,-0.2697620093822479,-0.22314520180225372,-0.5,0.0
22,78,pid_22/seg_00078.npz,-0.3473826050758362,-0.19820308685302734,-0.5,0.0
22,79,pid_22/seg_00079.npz,-0.23577269911766052,-0.03362923860549927,-0.5,0.0
22,80,pid_22/seg_00080.npz,-0.27346524596214294,-0.029805725440382957,-0.5,0.0
22,81,pid_22/seg_00081.npz,-0.38211315870285034,-0.10884160548448563,-0.5,0.0
22,82,pid_22/seg_00082.npz,-0.2797406017780304,-0.05140827223658562,-0.5,0.0
22,83,pid_22/seg_00083.npz,-0.28337669372558594,-0.12536172568798065,-0.5,0.0
22,84,pid_22/seg_00084.npz,-0.3243512809276581,-0.39462944865226746,-0.5,0.0
22,85,pid_22/seg_00085.npz,-0.41057807207107544,-0.03246546909213066,-0.5,0.0
22,86,pid_22/seg_00086.npz,-0.4271589517593384,-0.10585994273424149,-0.5,0.0
22,87,pid_22/seg_00087.npz,-0.3250945508480072,0.0045023830607533455,-1.0,0.0
22,88,pid_22/seg_00088.npz,-0.21032585203647614,-0.04144822433590889,-1.0,0.0
22,89,pid_22/seg_00089.npz,-0.3685830235481262,0.01911494880914688,-1.0,0.0
22,90,pid_22/seg_00090.npz,-0.43435800075531006,-0.0012048830976709723,-1.0,0.0
22,91,pid_22/seg_00091.npz,-0.37120935320854187,0.007189878728240728,-1.0,0.0
22,92,pid_22/seg_00092.npz,-0.4306621551513672,-0.02500147558748722,-1.0,0.0
22,93,pid_22/seg_00093.npz,-0.46875834465026855,-0.020992200821638107,-1.0,0.0
22,94,pid_22/seg_00094.npz,-0.49656322598457336,-0.053163014352321625,-1.0,0.0
22,95,pid_22/seg_00095.npz,-0.48522597551345825,-0.003499105107039213,-1.0,0.0
22,96,pid_22/seg_00096.npz,-0.40367862582206726,0.017271025106310844,-1.0,0.0
22,97,pid_22/seg_00097.npz,-0.4056706428527832,0.010580954141914845,-1.0,0.0
22,98,pid_22/seg_00098.npz,-0.3617992699146271,0.009163024835288525,-1.0,0.0
22,99,pid_22/seg_00099.npz,-0.34262165427207947,0.015782760456204414,-1.0,0.0
22,100,pid_22/seg_00100.npz,-0.3118472695350647,0.004907599184662104,-1.0,0.0
22,101,pid_22/seg_00101.npz,-0.4865686893463135,-0.0025796606205403805,-1.0,0.0
22,102,pid_22/seg_00102.npz,-0.267662912607193,0.0016180960228666663,-1.0,0.0
22,103,pid_22/seg_00103.npz,-0.20480956137180328,-0.017966914921998978,-1.0,0.0
22,104,pid_22/seg_00104.npz,-0.3452146351337433,-0.042808935046195984,-0.5,0.0
22,105,pid_22/seg_00105.npz,-0.39036527276039124,0.00024346493592020124,-0.5,0.0
22,106,pid_22/seg_00106.npz,-0.3984294831752777,0.02144836075603962,-0.5,0.0
22,107,pid_22/seg_00107.npz,-0.45224860310554504,-0.3483451008796692,-0.5,0.0
22,108,pid_22/seg_00108.npz,-0.3751980662345886,-0.26150789856910706,-0.5,0.0
22,109,pid_22/seg_00109.npz,-0.37989363074302673,-0.1724693328142166,-0.5,0.0
22,110,pid_22/seg_00110.npz,-0.2942247986793518,-0.24174155294895172,-0.5,0.0
22,111,pid_22/seg_00111.npz,-0.3993922770023346,-0.2853052318096161,-0.5,0.0
22,112,pid_22/seg_00112.npz,-0.33372166752815247,-0.14763493835926056,-0.5,0.0
22,113,pid_22/seg_00113.npz,-0.2764536738395691,-0.08773238956928253,-0.5,0.0
22,114,pid_22/seg_00114.npz,-0.29399582743644714,-0.12573033571243286,-0.5,0.0
22,115,pid_22/seg_00115.npz,-0.3413248658180237,-0.29604414105415344,-0.5,0.0
22,116,pid_22/seg_00116.npz,-0.3638145625591278,-0.062201399356126785,-0.5,0.0
22,117,pid_22/seg_00117.npz,-0.31208735704421997,-0.19802366197109222,-0.5,0.0
22,118,pid_22/seg_00118.npz,-0.33173611760139465,-0.3740769624710083,-0.5,0.0
22,119,pid_22/seg_00119.npz,-0.089285708963871,0.08739541471004486,-0.5,0.0
22,120,pid_22/seg_00120.npz,-0.1452397108078003,0.05602366477251053,-0.5,0.0
22,121,pid_22/seg_00121.npz,-0.1495765745639801,0.04237283766269684,0.0,0.0
30,0,pid_30/seg_00000.npz,-0.12743575870990753,0.14273828268051147,0.0,0.0
30,1,pid_30/seg_00001.npz,-0.14471067488193512,0.09339851140975952,0.0,0.0
30,2,pid_30/seg_00002.npz,0.10851579904556274,0.12082023918628693,0.0,0.0
30,3,pid_30/seg_00003.npz,0.10304796695709229,0.09408341348171234,0.0,0.0
30,4,pid_30/seg_00004.npz,0.06251206248998642,0.1364370584487915,0.0,0.0
30,5,pid_30/seg_00005.npz,0.008577829226851463,0.14715054631233215,0.0,0.0
30,6,pid_30/seg_00006.npz,-0.11731753498315811,0.09065940976142883,0.0,0.0
30,7,pid_30/seg_00007.npz,-0.14399872720241547,0.05119624733924866,0.0,0.0
30,8,pid_30/seg_00008.npz,0.0361860990524292,0.12791836261749268,0.0,0.0
30,9,pid_30/seg_00009.npz,0.11003046482801437,0.09431403875350952,0.5,0.0
30,10,pid_30/seg_00010.npz,-0.012658449821174145,0.1390833705663681,0.0,0.0
30,11,pid_30/seg_00011.npz,-0.008817797526717186,0.11828131228685379,0.0,0.0
30,12,pid_30/seg_00012.npz,-0.01404878031462431,0.14164704084396362,0.0,0.0
30,13,pid_30/seg_00013.npz,0.01368731539696455,0.13946424424648285,0.0,0.0
30,14,pid_30/seg_00014.npz,-0.025852689519524574,0.12293770909309387,0.0,0.0
30,15,pid_30/seg_00015.npz,0.03570780158042908,0.09782298654317856,0.0,0.0
30,16,pid_30/seg_00016.npz,-0.08027676492929459,0.1336936205625534,0.0,0.0
30,17,pid_30/seg_00017.npz,0.03840808942914009,0.13242264091968536,0.5,0.0
30,18,pid_30/seg_00018.npz,0.007757406681776047,0.13570956885814667,0.5,0.0
30,19,pid_30/seg_00019.npz,0.004499994218349457,0.135872945189476,0.5,0.0
30,20,pid_30/seg_00020.npz,0.15973986685276031,0.11878527700901031,0.0,0.0
30,21,pid_30/seg_00021.npz,0.13180497288703918,0.10000762343406677,0.0,0.0
30,22,pid_30/seg_00022.npz,0.0890406146645546,0.10537144541740417,0.0,0.0
30,23,pid_30/seg_00023.npz,-0.1096382737159729,0.09335430711507797,0.0,0.0
30,24,pid_30/seg_00024.npz,-0.03910873457789421,0.10632771998643875,0.0,0.0
30,25,pid_30/seg_00025.npz,-0.02265619859099388,0.11172007024288177,0.0,0.0
30,26,pid_30/seg_00026.npz,0.0010397108271718025,0.13246701657772064,0.0,0.0
30,27,pid_30/seg_00027.npz,-0.07833662629127502,0.12333357334136963,0.0,0.0
30,28,pid_30/seg_00028.npz,-0.07142222672700882,0.12769940495491028,0.0,0.0
30,29,pid_30/seg_00029.npz,-0.11170157790184021,0.1076674833893776,0.0,0.0
30,30,pid_30/seg_00030.npz,-0.06951535493135452,0.15141622722148895,0.0,0.0
30,31,pid_30/seg_00031.npz,0.01840178482234478,0.13931286334991455,0.0,0.0
30,32,pid_30/seg_00032.npz,-0.12898342311382294,0.05991286784410477,0.0,0.0
30,33,pid_30/seg_00033.npz,0.06597665697336197,0.10458702594041824,0.5,0.5
30,34,pid_30/seg_00034.npz,0.13742005825042725,0.09399447590112686,0.0,0.5
30,35,pid_30/seg_00035.npz,0.06999769806861877,0.09823373705148697,0.0,0.5
30,36,pid_30/seg_00036.npz,0.10323072224855423,0.11267124116420746,0.0,0.5
30,37,pid_30/seg_00037.npz,0.27762091159820557,0.08177407085895538,0.5,0.5
30,38,pid_30/seg_00038.npz,0.1508026272058487,0.08771708607673645,0.5,0.5
30,39,pid_30/seg_00039.npz,0.2079317569732666,0.07062255591154099,0.0,0.0
30,40,pid_30/seg_00040.npz,0.24942268431186676,0.08398857712745667,0.5,0.5
30,41,pid_30/seg_00041.npz,0.2281920611858368,0.08608905971050262,0.0,0.0
30,42,pid_30/seg_00042.npz,0.1175239235162735,0.10021865367889404,0.0,0.0
30,43,pid_30/seg_00043.npz,0.1481744796037674,0.08680941164493561,0.0,0.0
30,44,pid_30/seg_00044.npz,0.10373672097921371,0.10227085649967194,0.0,0.5
30,45,pid_30/seg_00045.npz,0.12905092537403107,0.10354656726121902,0.5,0.5
30,46,pid_30/seg_00046.npz,0.20219667255878448,0.09941034764051437,0.0,0.5
30,47,pid_30/seg_00047.npz,0.146315798163414,0.08675986528396606,0.0,0.5
30,48,pid_30/seg_00048.npz,0.12716077268123627,0.0787862241268158,0.5,0.0
30,49,pid_30/seg_00049.npz,0.21177108585834503,0.05966142937541008,0.5,0.5
30,50,pid_30/seg_00050.npz,0.0638921931385994,0.10479490458965302,0.0,0.0
30,51,pid_30/seg_00051.npz,-0.02897791750729084,0.13077963888645172,0.0,0.0
30,52,pid_30/seg_00052.npz,-0.0009721627575345337,0.1532665193080902,0.0,0.0
30,53,pid_30/seg_00053.npz,-0.06165659427642822,0.12895286083221436,0.0,0.0
30,54,pid_30/seg_00054.npz,-0.09499990195035934,0.11230037361383438,0.0,0.0
30,55,pid_30/seg_00055.npz,-0.02611931599676609,0.13845661282539368,0.0,0.0
30,56,pid_30/seg_00056.npz,0.014051991514861584,0.1475333571434021,0.0,0.0
30,57,pid_30/seg_00057.npz,-0.12602156400680542,0.09732483327388763,0.0,0.0
30,58,pid_30/seg_00058.npz,0.07298147678375244,0.1282924860715866,0.5,0.0
30,59,pid_30/seg_00059.npz,0.13432784378528595,0.08747982233762741,0.5,0.0
30,60,pid_30/seg_00060.npz,0.038946766406297684,0.1293707638978958,0.5,0.0
30,61,pid_30/seg_00061.npz,0.15560618042945862,0.10387761890888214,0.0,0.5
30,62,pid_30/seg_00062.npz,0.18592898547649384,0.08231774717569351,0.0,0.5
30,63,pid_30/seg_00063.npz,0.10369770973920822,0.093252032995224,0.0,0.5
30,64,pid_30/seg_00064.npz,-0.014010636135935783,0.15395241975784302,0.5,0.5
30,65,pid_30/seg_00065.npz,-0.16501517593860626,0.10547865927219391,0.0,0.0
30,66,pid_30/seg_00066.npz,-0.10708542913198471,0.10610447078943253,0.0,0.0
30,67,pid_30/seg_00067.npz,0.072427898645401,0.12570828199386597,0.0,0.0
30,68,pid_30/seg_00068.npz,-0.04802491143345833,0.1409599930047989,0.5,0.0
30,69,pid_30/seg_00069.npz,-0.04823994264006615,0.14123673737049103,0.5,0.0
30,70,pid_30/seg_00070.npz,0.14833976328372955,0.10654325038194656,0.0,0.0
30,71,pid_30/seg_00071.npz,0.07215480506420135,0.12867067754268646,0.0,0.0
30,72,pid_30/seg_00072.npz,0.10752413421869278,0.08940719813108444,0.5,0.5
30,73,pid_30/seg_00073.npz,0.1607058346271515,0.08470026403665543,0.5,0.5
30,74,pid_30/seg_00074.npz,0.27121207118034363,0.08826804161071777,0.5,0.0
30,75,pid_30/seg_00075.npz,0.012758733704686165,0.1349513828754425,0.0,0.5
30,76,pid_30/seg_00076.npz,-0.11081384122371674,0.13429896533489227,0.0,0.0
30,77,pid_30/seg_00077.npz,0.13386179506778717,0.10559163987636566,0.0,0.0
30,78,pid_30/seg_00078.npz,0.17757216095924377,0.09331018477678299,0.0,-0.5
30,79,pid_30/seg_00079.npz,0.08838187158107758,0.10280352085828781,0.0,-0.5
30,80,pid_30/seg_00080.npz,0.14231429994106293,0.10037094354629517,0.0,0.0
30,81,pid_30/seg_00081.npz,0.11553937941789627,0.1198275238275528,0.0,0.0
30,82,pid_30/seg_00082.npz,0.11518284678459167,0.0744742676615715,0.0,-0.5
30,83,pid_30/seg_00083.npz,0.07619286328554153,0.10683296620845795,0.5,0.5
30,84,pid_30/seg_00084.npz,0.09349063783884048,0.1099095493555069,0.5,0.5
30,85,pid_30/seg_00085.npz,0.07812748104333878,0.116976797580719,0.0,0.5
30,86,pid_30/seg_00086.npz,0.12257421016693115,0.1007026955485344,0.0,0.5
30,87,pid_30/seg_00087.npz,0.09837139397859573,0.10252071171998978,0.0,0.0
30,88,pid_30/seg_00088.npz,0.10550033301115036,0.09500427544116974,0.5,0.5
30,89,pid_30/seg_00089.npz,0.11929236352443695,0.09274733066558838,0.0,0.5
30,90,pid_30/seg_00090.npz,0.11293875426054001,0.08571988344192505,0.0,0.0
30,91,pid_30/seg_00091.npz,0.05620665103197098,0.1381293684244156,0.0,0.0
30,92,pid_30/seg_00092.npz,0.08408121019601822,0.10771693289279938,0.0,0.0
30,93,pid_30/seg_00093.npz,0.11836455762386322,0.07294175028800964,0.0,0.5
30,94,pid_30/seg_00094.npz,0.19057701528072357,0.09117433428764343,-0.5,0.0
30,95,pid_30/seg_00095.npz,0.19401881098747253,0.09637032449245453,0.5,0.0
30,96,pid_30/seg_00096.npz,0.07632514089345932,0.13094285130500793,0.5,0.5
30,97,pid_30/seg_00097.npz,0.05190454423427582,0.12312835454940796,-0.5,0.5
30,98,pid_30/seg_00098.npz,0.02031020075082779,0.13435892760753632,-0.5,0.5
30,99,pid_30/seg_00099.npz,0.03947808966040611,0.12694260478019714,-0.5,0.0
30,100,pid_30/seg_00100.npz,0.03410715237259865,0.12746892869472504,-0.5,0.0
30,101,pid_30/seg_00101.npz,-0.024027900770306587,0.11860504001379013,-0.5,0.0
30,102,pid_30/seg_00102.npz,-0.08056119829416275,0.11338673532009125,-0.5,0.0
30,103,pid_30/seg_00103.npz,-0.047782085835933685,0.1299063265323639,-0.5,0.0
30,104,pid_30/seg_00104.npz,-0.12332635372877121,0.11650160700082779,-0.5,0.0
30,105,pid_30/seg_00105.npz,-0.12959566712379456,0.13958939909934998,-0.5,0.0
30,106,pid_30/seg_00106.npz,-0.07382981479167938,0.15128324925899506,-0.5,0.0
30,107,pid_30/seg_00107.npz,0.0679391622543335,0.13554108142852783,-0.5,0.0
30,108,pid_30/seg_00108.npz,0.10542665421962738,0.11410851776599884,-0.5,0.0
30,109,pid_30/seg_00109.npz,0.010050027631223202,0.14798396825790405,-0.5,0.0
30,110,pid_30/seg_00110.npz,-0.13900749385356903,0.09785973280668259,-0.5,0.0
30,111,pid_30/seg_00111.npz,-0.1585497111082077,0.07283233106136322,-0.5,0.0
30,112,pid_30/seg_00112.npz,-0.15548227727413177,0.08722437173128128,-0.5,0.0
30,113,pid_30/seg_00113.npz,-0.08748070895671844,0.10762891173362732,-0.5,0.0
30,114,pid_30/seg_00114.npz,0.09437354654073715,0.09054539352655411,-0.5,0.0
30,115,pid_30/seg_00115.npz,0.0834522694349289,0.09209436178207397,0.5,0.0
30,116,pid_30/seg_00116.npz,0.08890395611524582,0.11832896620035172,-0.5,0.0
30,117,pid_30/seg_00117.npz,0.08051858842372894,0.12230248749256134,0.5,0.0
30,118,pid_30/seg_00118.npz,0.15077821910381317,0.090342216193676,0.5,0.5
30,119,pid_30/seg_00119.npz,0.2683301270008087,0.07492142915725708,0.5,0.5
30,120,pid_30/seg_00120.npz,0.1659270077943802,0.08109426498413086,-0.5,0.0
30,121,pid_30/seg_00121.npz,0.08967272937297821,0.09462787210941315,-0.5,0.0
30,122,pid_30/seg_00122.npz,-0.04990699887275696,0.13026687502861023,-0.5,0.0
30,123,pid_30/seg_00123.npz,0.10226710140705109,0.08608616143465042,0.0,0.0
30,124,pid_30/seg_00124.npz,0.080176942050457,0.1130090281367302,-0.5,0.0
30,125,pid_30/seg_00125.npz,0.11671638488769531,0.07983274012804031,-0.5,0.0
30,126,pid_30/seg_00126.npz,0.020085087046027184,0.14011183381080627,0.0,0.0
30,127,pid_30/seg_00127.npz,-0.09742263704538345,0.12965859472751617,0.5,0.5
30,128,pid_30/seg_00128.npz,0.09286467730998993,0.0957459807395935,0.5,0.5
10,0,pid_10/seg_00000.npz,-0.6393072605133057,-0.002926992252469063,-0.5,0.0
10,1,pid_10/seg_00001.npz,-0.6263350248336792,0.0109035549685359,-0.5,0.0
10,2,pid_10/seg_00002.npz,-0.44186678528785706,0.006794012151658535,-0.5,0.0
10,3,pid_10/seg_00003.npz,-0.5698671936988831,0.0002595977857708931,-0.5,0.0
10,4,pid_10/seg_00004.npz,-0.5973438024520874,-0.0006375287775881588,0.5,0.0
10,5,pid_10/seg_00005.npz,-0.5830627083778381,0.0073221903294324875,-1.0,0.0
10,6,pid_10/seg_00006.npz,-0.5007351040840149,0.010026536881923676,-1.0,0.0
10,7,pid_10/seg_00007.npz,-0.5686984658241272,0.0037174576427787542,-0.5,0.0
10,8,pid_10/seg_00008.npz,-0.47648921608924866,0.011262547224760056,-0.5,0.0
10,9,pid_10/seg_00009.npz,-0.5506095290184021,0.007617350667715073,-0.5,0.0
10,10,pid_10/seg_00010.npz,-0.5382699966430664,0.005685377866029739,-0.5,0.0
10,11,pid_10/seg_00011.npz,-0.5706738829612732,0.008828372694551945,-1.0,0.0
10,12,pid_10/seg_00012.npz,-0.5600671172142029,0.007817662321031094,0.0,0.0
10,13,pid_10/seg_00013.npz,-0.6035325527191162,0.0005517851677723229,-1.0,0.0
10,14,pid_10/seg_00014.npz,-0.5960735082626343,0.0030411137267947197,-1.0,0.0
10,15,pid_10/seg_00015.npz,-0.5588153600692749,0.006015080492943525,0.0,0.0
10,16,pid_10/seg_00016.npz,-0.3851267099380493,0.015075398609042168,-1.0,0.0
10,17,pid_10/seg_00017.npz,-0.35180556774139404,0.021724877879023552,0.0,0.0
10,18,pid_10/seg_00018.npz,-0.435069739818573,0.011088229715824127,0.0,0.0
10,19,pid_10/seg_00019.npz,-0.1681058406829834,0.033722296357154846,-0.5,-0.5
10,20,pid_10/seg_00020.npz,-0.3632872402667999,0.011002520099282265,-0.5,0.5
10,21,pid_10/seg_00021.npz,-0.16926826536655426,0.036510080099105835,-0.5,-0.5
10,22,pid_10/seg_00022.npz,-0.30184125900268555,0.022408491000533104,-0.5,0.5
10,23,pid_10/seg_00023.npz,-0.2488817721605301,0.01721593551337719,-0.5,-0.5
10,24,pid_10/seg_00024.npz,-0.27322152256965637,0.02202116698026657,-0.5,-0.5
10,25,pid_10/seg_00025.npz,-0.249111607670784,0.015413591638207436,-0.5,0.0
10,26,pid_10/seg_00026.npz,-0.3374301493167877,0.009464483708143234,-0.5,0.0
10,27,pid_10/seg_00027.npz,-0.3498322367668152,0.02133840322494507,-0.5,0.0
10,28,pid_10/seg_00028.npz,-0.25175100564956665,0.030073439702391624,-0.5,0.0
10,29,pid_10/seg_00029.npz,-0.2503390610218048,0.03340070694684982,-0.5,0.0
10,30,pid_10/seg_00030.npz,-0.36694884300231934,0.014714157208800316,-0.5,-0.5
10,31,pid_10/seg_00031.npz,-0.1894664764404297,0.03846174478530884,-0.5,0.0
10,32,pid_10/seg_00032.npz,-0.30065447092056274,0.01596500538289547,-0.5,0.0
10,33,pid_10/seg_00033.npz,-0.415844202041626,0.013968226499855518,-0.5,-0.5
10,34,pid_10/seg_00034.npz,-0.3947811722755432,0.016969695687294006,-0.5,0.0
10,35,pid_10/seg_00035.npz,-0.269854873418808,0.025592057034373283,-0.5,0.5
10,36,pid_10/seg_00036.npz,-0.41117966175079346,0.01649576425552368,-0.5,0.0
10,37,pid_10/seg_00037.npz,-0.5527950525283813,0.003818749450147152,-0.5,0.0
10,38,pid_10/seg_00038.npz,-0.5288521647453308,0.011087208054959774,0.0,0.0
10,39,pid_10/seg_00039.npz,-0.5197792649269104,0.013798768632113934,0.0,0.0
10,40,pid_10/seg_00040.npz,-0.4924823045730591,0.019967950880527496,0.0,0.0
10,41,pid_10/seg_00041.npz,-0.4758698344230652,0.017276236787438393,-0.5,0.0
10,42,pid_10/seg_00042.npz,-0.5770641565322876,0.010775858536362648,0.0,0.0
10,43,pid_10/seg_00043.npz,-0.43031200766563416,0.010666771791875362,-0.5,0.0
10,44,pid_10/seg_00044.npz,-0.3877030313014984,0.011212725192308426,-0.5,0.0
10,45,pid_10/seg_00045.npz,-0.39818549156188965,0.016125621274113655,-0.5,0.0
10,46,pid_10/seg_00046.npz,-0.3976513147354126,0.014596674591302872,0.0,0.0
10,47,pid_10/seg_00047.npz,-0.28148701786994934,0.022764652967453003,0.0,0.0
10,48,pid_10/seg_00048.npz,-0.22330006957054138,0.02051737904548645,-0.5,0.0
10,49,pid_10/seg_00049.npz,-0.4223935306072235,-0.004017154686152935,0.5,-0.5
10,50,pid_10/seg_00050.npz,-0.3554275631904602,0.013219653628766537,-0.5,-0.5
10,51,pid_10/seg_00051.npz,-0.41903188824653625,0.00954876746982336,0.5,-0.5
10,52,pid_10/seg_00052.npz,-0.42555174231529236,0.014925253577530384,0.5,0.0
10,53,pid_10/seg_00053.npz,-0.4742206931114197,0.004621030762791634,0.5,-0.5
10,54,pid_10/seg_00054.npz,-0.4451434314250946,0.006783217657357454,0.5,0.0
10,55,pid_10/seg_00055.npz,-0.38696756958961487,0.013684948906302452,0.5,0.0
10,56,pid_10/seg_00056.npz,-0.37238436937332153,0.01227098423987627,-0.5,-0.5
10,57,pid_10/seg_00057.npz,-0.422166109085083,0.016859043389558792,0.0,0.0
10,58,pid_10/seg_00058.npz,-0.38306862115859985,0.0161063801497221,0.0,0.0
10,59,pid_10/seg_00059.npz,-0.4213860332965851,-0.0013721989234909415,0.0,0.0
10,60,pid_10/seg_00060.npz,-0.407660573720932,0.01404693815857172,-0.5,0.0
10,61,pid_10/seg_00061.npz,-0.2905224561691284,0.020195182412862778,0.0,0.0
10,62,pid_10/seg_00062.npz,-0.4041511118412018,0.013403504155576229,-0.5,0.0
10,63,pid_10/seg_00063.npz,-0.5511069297790527,0.002842502435669303,0.0,0.0
10,64,pid_10/seg_00064.npz,-0.4013057053089142,0.01752088963985443,-0.5,0.0
10,65,pid_10/seg_00065.npz,-0.37891384959220886,0.017280008643865585,-0.5,0.0
10,66,pid_10/seg_00066.npz,-0.3790181577205658,0.013321693055331707,0.0,0.0
10,67,pid_10/seg_00067.npz,-0.3209174871444702,0.018008703365921974,0.0,0.0
10,68,pid_10/seg_00068.npz,-0.45370063185691833,0.009444093331694603,0.0,0.0
10,69,pid_10/seg_00069.npz,-0.5528275966644287,0.010618876665830612,-1.0,0.0
10,70,pid_10/seg_00070.npz,-0.5755966305732727,0.01246733870357275,-1.0,0.0
10,71,pid_10/seg_00071.npz,-0.5241859555244446,0.009065579622983932,-1.0,0.0
10,72,pid_10/seg_00072.npz,-0.5701565146446228,0.0032609535846859217,-1.0,0.0
10,73,pid_10/seg_00073.npz,-0.48621001839637756,0.010053068399429321,-1.0,0.0
10,74,pid_10/seg_00074.npz,-0.5408464074134827,0.008961092680692673,-1.0,0.0
10,75,pid_10/seg_00075.npz,-0.4703125059604645,0.012463821098208427,0.0,-0.5
10,76,pid_10/seg_00076.npz,-0.6312310099601746,-0.0017930361209437251,-1.0,-0.5
10,77,pid_10/seg_00077.npz,-0.5682227611541748,-0.001179957645945251,-1.0,-0.5
10,78,pid_10/seg_00078.npz,-0.5847294330596924,0.004265712574124336,-1.0,0.0
10,79,pid_10/seg_00079.npz,-0.4790487587451935,0.005704053677618504,-1.0,-0.5
10,80,pid_10/seg_00080.npz,-0.5055228471755981,0.006073558237403631,-1.0,-0.5
10,81,pid_10/seg_00081.npz,-0.4880954921245575,0.008328930474817753,-1.0,-0.5
10,82,pid_10/seg_00082.npz,-0.5885273218154907,-0.0005710142431780696,-1.0,-0.5
10,83,pid_10/seg_00083.npz,-0.6354101896286011,-0.00445086695253849,-1.0,-0.5
10,84,pid_10/seg_00084.npz,-0.4608784019947052,0.010393323376774788,-1.0,-0.5
10,85,pid_10/seg_00085.npz,-0.23647810518741608,0.012111173942685127,-0.5,-0.5
10,86,pid_10/seg_00086.npz,-0.4895961582660675,0.0027467936743050814,-0.5,0.0
10,87,pid_10/seg_00087.npz,-0.1583871692419052,0.041090015321969986,-0.5,0.0
10,88,pid_10/seg_00088.npz,-0.28700366616249084,0.02306847646832466,-0.5,0.0
10,89,pid_10/seg_00089.npz,-0.34315311908721924,0.010917126201093197,-0.5,0.0
10,90,pid_10/seg_00090.npz,-0.2957163155078888,0.025119952857494354,-0.5,0.0
10,91,pid_10/seg_00091.npz,-0.22562608122825623,0.030262833461165428,-0.5,0.0
10,92,pid_10/seg_00092.npz,-0.2331196665763855,0.034935034811496735,-0.5,0.0
10,93,pid_10/seg_00093.npz,-0.3633995056152344,0.019949225708842278,-0.5,0.0
10,94,pid_10/seg_00094.npz,-0.2503888010978699,0.02379322238266468,-0.5,0.0
10,95,pid_10/seg_00095.npz,-0.352186918258667,0.016380755230784416,-0.5,0.0
10,96,pid_10/seg_00096.npz,-0.17428231239318848,0.036138199269771576,0.0,0.0
10,97,pid_10/seg_00097.npz,-0.286825567483902,0.02388782426714897,-0.5,0.0
10,98,pid_10/seg_00098.npz,-0.1528589129447937,0.05300235375761986,0.5,0.5
10,99,pid_10/seg_00099.npz,-0.03964992240071297,0.11042860895395279,0.5,0.5
10,100,pid_10/seg_00100.npz,-0.023257970809936523,0.09873567521572113,-0.5,0.0
10,101,pid_10/seg_00101.npz,-0.21755753457546234,0.046534840017557144,-0.5,0.0
10,102,pid_10/seg_00102.npz,-0.3116476535797119,0.01994052343070507,-0.5,0.0
10,103,pid_10/seg_00103.npz,-0.24875621497631073,0.02430018037557602,-0.5,0.0
10,104,pid_10/seg_00104.npz,-0.31593337655067444,0.017791179940104485,-0.5,0.0
10,105,pid_10/seg_00105.npz,-0.31831297278404236,0.021884294226765633,-0.5,0.0
10,106,pid_10/seg_00106.npz,-0.24478890001773834,0.022016312927007675,-0.5,0.0
10,107,pid_10/seg_00107.npz,-0.3070123791694641,0.016423044726252556,-0.5,0.0
10,108,pid_10/seg_00108.npz,-0.21879133582115173,0.022669710218906403,-0.5,0.0
10,109,pid_10/seg_00109.npz,-0.3380538821220398,0.015595580451190472,-0.5,0.0
10,110,pid_10/seg_00110.npz,-0.21675027906894684,0.028947889804840088,0.0,0.0
10,111,pid_10/seg_00111.npz,-0.20518547296524048,0.03505807742476463,0.0,0.0
10,112,pid_10/seg_00112.npz,-0.3238086402416229,0.011588804423809052,-0.5,0.0
10,113,pid_10/seg_00113.npz,-0.4181725084781647,0.01683550328016281,-0.5,0.0
10,114,pid_10/seg_00114.npz,-0.3555365204811096,0.021683650091290474,-0.5,0.0
10,115,pid_10/seg_00115.npz,-0.3693695068359375,0.012878481298685074,-1.0,0.0
10,116,pid_10/seg_00116.npz,-0.5100042819976807,-0.0036933766677975655,-1.0,0.0
10,117,pid_10/seg_00117.npz,-0.4727175533771515,0.006946849636733532,-1.0,0.0
10,118,pid_10/seg_00118.npz,-0.5404102802276611,5.360853174352087e-05,-1.0,0.0
10,119,pid_10/seg_00119.npz,-0.5334134697914124,0.008445014245808125,-1.0,0.0
10,120,pid_10/seg_00120.npz,-0.5740389227867126,0.004521440248936415,-1.0,0.0
10,121,pid_10/seg_00121.npz,-0.4072172939777374,0.008409290574491024,-0.5,0.0
10,122,pid_10/seg_00122.npz,-0.19634316861629486,0.028975974768400192,-0.5,0.0
10,123,pid_10/seg_00123.npz,-0.21805870532989502,-0.005522949621081352,0.0,0.0
21,0,pid_21/seg_00000.npz,-0.20666003227233887,-0.02358831837773323,0.0,0.0
21,1,pid_21/seg_00001.npz,-0.3252631723880768,-0.029505088925361633,0.0,0.0
21,2,pid_21/seg_00002.npz,-0.2585565745830536,-0.02425336092710495,-1.0,0.0
21,3,pid_21/seg_00003.npz,-0.35346007347106934,-0.025170406326651573,-1.0,0.0
21,4,pid_21/seg_00004.npz,-0.07199259847402573,0.019094301387667656,-1.0,0.0
21,5,pid_21/seg_00005.npz,0.06980060040950775,0.002594364807009697,0.0,0.0
21,6,pid_21/seg_00006.npz,-0.04837574437260628,-0.05449742451310158,0.0,0.0
21,7,pid_21/seg_00007.npz,-0.24639537930488586,-0.033867817372083664,-1.0,0.0
21,8,pid_21/seg_00008.npz,-0.31460344791412354,-0.0250657070428133,-1.0,0.0
21,9,pid_21/seg_00009.npz,-0.2120509147644043,-0.0188314039260149,-1.0,0.0
21,10,pid_21/seg_00010.npz,-0.07522177696228027,-0.026048287749290466,0.0,0.0
21,11,pid_21/seg_00011.npz,-0.0990806296467781,-0.014149012975394726,0.0,0.0
21,12,pid_21/seg_00012.npz,-0.07204156368970871,-0.04681185632944107,0.0,0.0
21,13,pid_21/seg_00013.npz,-0.0718604028224945,-0.022465478628873825,-1.0,0.0
21,14,pid_21/seg_00014.npz,-0.07232344150543213,-0.022087562829256058,-1.0,0.0
21,15,pid_21/seg_00015.npz,-0.08503314107656479,-0.020935485139489174,0.0,0.0
21,16,pid_21/seg_00016.npz,-0.07248511165380478,-0.024126170203089714,-1.0,0.0
21,17,pid_21/seg_00017.npz,-0.08829696476459503,0.005498422775417566,-1.0,0.0
21,18,pid_21/seg_00018.npz,0.06687931716442108,0.01771511323750019,0.0,0.0
21,19,pid_21/seg_00019.npz,-0.14318804442882538,-0.018110619857907295,-0.5,0.0
21,20,pid_21/seg_00020.npz,-0.16708186268806458,-0.02621324546635151,-0.5,0.0
21,21,pid_21/seg_00021.npz,-0.11969413608312607,-0.0305818822234869,-0.5,0.0
21,22,pid_21/seg_00022.npz,-0.1429980844259262,-0.029142579063773155,0.5,0.0
21,23,pid_21/seg_00023.npz,-0.20844674110412598,-0.027901291847229004,0.5,0.0
21,24,pid_21/seg_00024.npz,-0.1305113285779953,-0.029146302491426468,-0.5,0.0
21,25,pid_21/seg_00025.npz,-0.10622948408126831,-0.02480187825858593,-0.5,0.0
21,26,pid_21/seg_00026.npz,-0.14253003895282745,-0.01063528098165989,-0.5,0.0
21,27,pid_21/seg_00027.npz,-0.14101558923721313,-0.02849794737994671,-0.5,0.0
21,28,pid_21/seg_00028.npz,-0.1772886961698532,-0.021646244451403618,0.5,0.0
21,29,pid_21/seg_00029.npz,-0.1184241771697998,-0.016332926228642464,-0.5,0.0
21,30,pid_21/seg_00030.npz,-0.15311820805072784,-0.011637984775006771,-0.5,0.0
21,31,pid_21/seg_00031.npz,-0.11428742855787277,-0.014994947239756584,0.0,0.0
21,32,pid_21/seg_00032.npz,-0.12773443758487701,-0.020141713321208954,-0.5,0.0
21,33,pid_21/seg_00033.npz,-0.14908869564533234,-0.03399931639432907,-0.5,0.0
21,34,pid_21/seg_00034.npz,-0.09357451647520065,-0.01794380135834217,0.0,0.0
21,35,pid_21/seg_00035.npz,-0.08635170012712479,-0.0503222793340683,-0.5,0.0
21,36,pid_21/seg_00036.npz,-0.11401422321796417,-0.0205641221255064,-0.5,0.0
21,37,pid_21/seg_00037.npz,-0.08708854019641876,-0.030181322246789932,0.0,0.0
21,38,pid_21/seg_00038.npz,0.08207142353057861,-0.06329269707202911,-0.5,0.0
21,39,pid_21/seg_00039.npz,-0.1352427750825882,-0.02741132862865925,-0.5,0.0
21,40,pid_21/seg_00040.npz,-0.1660069078207016,-0.045369818806648254,-0.5,0.0
21,41,pid_21/seg_00041.npz,-0.24650061130523682,-0.03316200152039528,-0.5,0.0
21,42,pid_21/seg_00042.npz,-0.21799521148204803,-0.027582790702581406,-0.5,0.0
21,43,pid_21/seg_00043.npz,-0.20379289984703064,-0.020095188170671463,-0.5,0.0
21,44,pid_21/seg_00044.npz,-0.2157939076423645,-0.015524318441748619,-0.5,0.0
21,45,pid_21/seg_00045.npz,-0.26959848403930664,-0.023354271426796913,-0.5,0.0
21,46,pid_21/seg_00046.npz,-0.28564247488975525,-0.020869063213467598,-0.5,0.0
21,47,pid_21/seg_00047.npz,-0.22804130613803864,-0.027320561930537224,-0.5,0.0
21,48,pid_21/seg_00048.npz,-0.15690089762210846,-0.019954027608036995,-0.5,0.0
21,49,pid_21/seg_00049.npz,-0.21932190656661987,-0.029378162696957588,-1.0,0.0
21,50,pid_21/seg_00050.npz,-0.33923283219337463,-0.03544427827000618,-1.0,0.0
21,51,pid_21/seg_00051.npz,-0.2467767894268036,-0.033192235976457596,-1.0,0.0
21,52,pid_21/seg_00052.npz,-0.20114710927009583,-0.028729526326060295,-1.0,0.0
21,53,pid_21/seg_00053.npz,-0.17202727496623993,-0.020041022449731827,0.5,0.0
21,54,pid_21/seg_00054.npz,-0.18531621992588043,-0.0190658587962389,-1.0,0.0
21,55,pid_21/seg_00055.npz,-0.15529420971870422,-0.02256692573428154,-1.0,0.0
21,56,pid_21/seg_00056.npz,-0.25757595896720886,-0.026562828570604324,-1.0,0.0
21,57,pid_21/seg_00057.npz,-0.22162629663944244,-0.02394956164062023,0.5,0.0
21,58,pid_21/seg_00058.npz,-0.20779837667942047,-0.022686799988150597,0.5,0.0
21,59,pid_21/seg_00059.npz,-0.18207478523254395,-0.027620289474725723,-1.0,0.0
21,60,pid_21/seg_00060.npz,-0.14836835861206055,-0.02060585469007492,-1.0,0.0
21,61,pid_21/seg_00061.npz,-0.15368300676345825,-0.023889673873782158,0.0,0.0
21,62,pid_21/seg_00062.npz,-0.1833459585905075,-0.01725190319120884,0.0,0.0
21,63,pid_21/seg_00063.npz,-0.1656787097454071,-0.02073615789413452,0.0,0.0
21,64,pid_21/seg_00064.npz,-0.1273641437292099,-0.015406847931444645,0.0,0.0
21,65,pid_21/seg_00065.npz,-0.1385330855846405,-0.014857117086648941,-0.5,0.0
21,66,pid_21/seg_00066.npz,-0.17114421725273132,-0.010894316248595715,-0.5,0.0
21,67,pid_21/seg_00067.npz,-0.17565974593162537,-0.013489232398569584,-0.5,0.0
21,68,pid_21/seg_00068.npz,-0.21307623386383057,-0.012161404825747013,-1.0,0.0
21,69,pid_21/seg_00069.npz,-0.2683849036693573,-0.031950801610946655,-0.5,0.0
21,70,pid_21/seg_00070.npz,-0.15602590143680573,-0.030815275385975838,-1.0,0.0
21,71,pid_21/seg_00071.npz,-0.2071903944015503,-0.02009463496506214,-1.0,0.0
21,72,pid_21/seg_00072.npz,-0.2327883541584015,-0.017481351271271706,-1.0,0.0
21,73,pid_21/seg_00073.npz,-0.19690904021263123,-0.01413752045482397,-0.5,0.0
21,74,pid_21/seg_00074.npz,-0.20929454267024994,-0.02113247476518154,-0.5,0.0
21,75,pid_21/seg_00075.npz,-0.21042102575302124,-0.016718421131372452,-1.0,0.0
21,76,pid_21/seg_00076.npz,-0.2240176498889923,-0.008276610635221004,-1.0,0.0
21,77,pid_21/seg_00077.npz,-0.26740124821662903,-0.010553380474448204,-1.0,0.0
21,78,pid_21/seg_00078.npz,-0.21674183011054993,-0.03152653947472572,-1.0,0.0
21,79,pid_21/seg_00079.npz,-0.2721146047115326,-0.02050582319498062,-1.0,0.0
21,80,pid_21/seg_00080.npz,-0.2643493711948395,-0.01173977367579937,-0.5,0.0
21,81,pid_21/seg_00081.npz,-0.2683059275150299,-0.010016379877924919,-0.5,0.0
21,82,pid_21/seg_00082.npz,-0.23590482771396637,-0.01649167761206627,-1.0,0.0
21,83,pid_21/seg_00083.npz,-0.27329421043395996,-0.014907755888998508,-0.5,0.0
21,84,pid_21/seg_00084.npz,-0.3018687069416046,-0.018900273367762566,-1.0,0.0
21,85,pid_21/seg_00085.npz,-0.22650504112243652,-0.012343375012278557,-0.5,0.0
21,86,pid_21/seg_00086.npz,-0.2749748229980469,-0.02078322507441044,0.0,0.0
21,87,pid_21/seg_00087.npz,-0.21651136875152588,-0.02071424014866352,-0.5,0.0
21,88,pid_21/seg_00088.npz,-0.1901043951511383,-0.01896389201283455,-0.5,0.0
21,89,pid_21/seg_00089.npz,-0.18993422389030457,-0.005444434937089682,-0.5,0.0
21,90,pid_21/seg_00090.npz,-0.2557256519794464,-0.01684606447815895,-0.5,0.0
21,91,pid_21/seg_00091.npz,-0.19621232151985168,-0.018995828926563263,-0.5,0.0
21,92,pid_21/seg_00092.npz,-0.2222318798303604,-0.021536482498049736,-0.5,0.0
21,93,pid_21/seg_00093.npz,-0.1241728737950325,-0.018356699496507645,0.0,0.0
21,94,pid_21/seg_00094.npz,-0.2388036549091339,-0.02631838247179985,-0.5,0.0
21,95,pid_21/seg_00095.npz,-0.2439144253730774,-0.01657925918698311,0.0,0.0
21,96,pid_21/seg_00096.npz,-0.1988602578639984,-0.020885098725557327,0.0,0.0
21,97,pid_21/seg_00097.npz,-0.1988266408443451,-0.026560822501778603,0.0,0.0
21,98,pid_21/seg_00098.npz,-0.20469993352890015,-0.03589314967393875,-0.5,0.0
21,99,pid_21/seg_00099.npz,-0.17743313312530518,-0.027965063229203224,-0.5,0.0
21,100,pid_21/seg_00100.npz,-0.167970210313797,-0.02661772631108761,-0.5,0.0
21,101,pid_21/seg_00101.npz,-0.16469703614711761,-0.01361708715558052,-0.5,0.0
21,102,pid_21/seg_00102.npz,-0.20274117588996887,-0.018521856516599655,-0.5,0.0
21,103,pid_21/seg_00103.npz,-0.13085471093654633,-0.02436528541147709,-0.5,0.0
21,104,pid_21/seg_00104.npz,-0.19829320907592773,-0.03047880344092846,-0.5,0.0
21,105,pid_21/seg_00105.npz,-0.19012390077114105,-0.031209545210003853,-0.5,0.0
21,106,pid_21/seg_00106.npz,-0.22093747556209564,-0.038139086216688156,-0.5,0.0
21,107,pid_21/seg_00107.npz,-0.28508636355400085,-0.02439992129802704,-1.0,0.0
21,108,pid_21/seg_00108.npz,-0.2307129204273224,-0.01011654268950224,-0.5,0.0
21,109,pid_21/seg_00109.npz,-0.2785326838493347,-0.018290547654032707,-1.0,0.0
21,110,pid_21/seg_00110.npz,-0.30464327335357666,-0.01704901084303856,-1.0,0.0
21,111,pid_21/seg_00111.npz,-0.3015710711479187,-0.02164248190820217,-0.5,0.0
21,112,pid_21/seg_00112.npz,-0.3314723074436188,-0.04108816757798195,-0.5,0.0
21,113,pid_21/seg_00113.npz,-0.31767839193344116,-0.04064296558499336,-0.5,0.0
21,114,pid_21/seg_00114.npz,-0.21711215376853943,-0.021918922662734985,-0.5,0.0
21,115,pid_21/seg_00115.npz,-0.19436225295066833,-0.029854103922843933,-0.5,0.0
21,116,pid_21/seg_00116.npz,-0.21047043800354004,-0.03469698876142502,-0.5,0.0
21,117,pid_21/seg_00117.npz,-0.2420610934495926,-0.04339807108044624,-0.5,0.0
21,118,pid_21/seg_00118.npz,-0.18897098302841187,-0.03835506737232208,0.0,0.0
21,119,pid_21/seg_00119.npz,-0.1399821937084198,-0.0358198806643486,-1.0,0.0
21,120,pid_21/seg_00120.npz,-0.14322902262210846,-0.017164504155516624,0.0,0.0
21,121,pid_21/seg_00121.npz,-0.2184123694896698,-0.011457023210823536,0.0,0.0
29,0,pid_29/seg_00000.npz,-0.02918964996933937,0.11912015080451965,0.0,0.5
29,1,pid_29/seg_00001.npz,-0.04577718675136566,0.1136806532740593,0.0,0.5
29,2,pid_29/seg_00002.npz,-0.11121474206447601,0.09299216419458389,0.5,0.0
29,3,pid_29/seg_00003.npz,-0.12226856499910355,0.08434868603944778,0.5,0.0
29,4,pid_29/seg_00004.npz,-0.08368688076734543,0.08656131476163864,0.0,0.0
29,5,pid_29/seg_00005.npz,-0.10539929568767548,0.08558815717697144,0.0,0.0
29,6,pid_29/seg_00006.npz,-0.10113964974880219,0.08536875993013382,0.0,0.0
29,7,pid_29/seg_00007.npz,-0.10792890936136246,0.07661791890859604,0.0,0.0
29,8,pid_29/seg_00008.npz,-0.14665350317955017,0.07835186272859573,-0.5,0.0
29,9,pid_29/seg_00009.npz,-0.08952502906322479,0.11057967692613602,-0.5,0.0
29,10,pid_29/seg_00010.npz,-0.002776162466034293,0.12225217372179031,-0.5,0.0
29,11,pid_29/seg_00011.npz,-0.22254320979118347,0.06672322750091553,-0.5,0.0
29,12,pid_29/seg_00012.npz,-0.29078155755996704,0.05291826277971268,-0.5,0.0
29,13,pid_29/seg_00013.npz,-0.15667816996574402,0.08301534503698349,-0.5,0.0
29,14,pid_29/seg_00014.npz,-0.05483013764023781,0.12744711339473724,-0.5,0.0
29,15,pid_29/seg_00015.npz,-0.09235724061727524,0.12671145796775818,-0.5,0.0
29,16,pid_29/seg_00016.npz,-0.17840677499771118,0.08068542182445526,-0.5,0.0
29,17,pid_29/seg_00017.npz,-0.19226455688476562,0.04701698571443558,-0.5,0.0
29,18,pid_29/seg_00018.npz,-0.20307393372058868,0.056736692786216736,-0.5,0.0
29,19,pid_29/seg_00019.npz,-0.19868865609169006,0.054016098380088806,-0.5,0.0
29,20,pid_29/seg_00020.npz,-0.09368672966957092,0.097480908036232,-0.5,0.0
29,21,pid_29/seg_00021.npz,-0.1557956337928772,0.07994727790355682,0.5,0.0
29,22,pid_29/seg_00022.npz,-0.12175721675157547,0.09966621547937393,-0.5,0.0
29,23,pid_29/seg_00023.npz,-0.07962089776992798,0.0962875708937645,0.5,0.0
29,24,pid_29/seg_00024.npz,-0.079034224152565,0.10481219738721848,0.5,0.0
29,25,pid_29/seg_00025.npz,-0.13291902840137482,0.061191581189632416,0.5,0.0
29,26,pid_29/seg_00026.npz,-0.0042651318944990635,0.09777223318815231,0.5,0.0
29,27,pid_29/seg_00027.npz,-0.12700901925563812,0.0593847818672657,-0.5,0.0
29,28,pid_29/seg_00028.npz,-0.18113355338573456,0.053273048251867294,-0.5,0.0
29,29,pid_29/seg_00029.npz,-0.13605859875679016,0.06537538021802902,-0.5,0.0
29,30,pid_29/seg_00030.npz,-0.17599327862262726,0.0579107403755188,0.0,0.0
29,31,pid_29/seg_00031.npz,-0.1723882257938385,0.08097361028194427,0.0,0.0
29,32,pid_29/seg_00032.npz,-0.1684453785419464,0.07457774132490158,0.0,0.0
29,33,pid_29/seg_00033.npz,-0.020111599937081337,0.12433413416147232,0.0,0.0
29,34,pid_29/seg_00034.npz,-0.030803918838500977,0.13673999905586243,0.0,0.0
29,35,pid_29/seg_00035.npz,-0.07667756080627441,0.12064271420240402,0.0,0.0
29,36,pid_29/seg_00036.npz,0.06976056843996048,0.10503543168306351,0.5,0.5
29,37,pid_29/seg_00037.npz,-0.08640152215957642,0.11110550165176392,0.5,0.5
29,38,pid_29/seg_00038.npz,0.043617431074380875,0.12559975683689117,0.5,0.5
29,39,pid_29/seg_00039.npz,0.012828994542360306,0.10999058932065964,0.5,0.5
29,40,pid_29/seg_00040.npz,-0.11515691131353378,0.08157698810100555,0.5,0.0
29,41,pid_29/seg_00041.npz,-0.1375608891248703,0.07390306144952774,0.5,0.0
29,42,pid_29/seg_00042.npz,-0.1293928027153015,0.07592757046222687,0.0,0.0
29,43,pid_29/seg_00043.npz,-0.08840447664260864,0.10371135920286179,0.0,0.0
29,44,pid_29/seg_00044.npz,-0.09163975715637207,0.11815976351499557,0.0,0.0
29,45,pid_29/seg_00045.npz,-0.09523129463195801,0.11681408435106277,0.5,0.5
29,46,pid_29/seg_00046.npz,0.03626922890543938,0.12080273777246475,0.5,0.5
29,47,pid_29/seg_00047.npz,-0.010815014131367207,0.11458061635494232,-0.5,0.0
29,48,pid_29/seg_00048.npz,-0.12838931381702423,0.08320954442024231,0.5,0.0
29,49,pid_29/seg_00049.npz,-0.1144428551197052,0.06447051465511322,-0.5,0.0
29,50,pid_29/seg_00050.npz,-0.15133796632289886,0.06195768713951111,-0.5,0.0
29,51,pid_29/seg_00051.npz,-0.16120180487632751,0.07291506975889206,-0.5,0.0
29,52,pid_29/seg_00052.npz,-0.09514670073986053,0.09764795750379562,-0.5,0.0
29,53,pid_29/seg_00053.npz,-0.19772346317768097,0.06557149440050125,-0.5,0.0
29,54,pid_29/seg_00054.npz,-0.21358421444892883,0.05114579573273659,-0.5,0.0
29,55,pid_29/seg_00055.npz,-0.2912425696849823,0.04208500683307648,-0.5,0.0
29,56,pid_29/seg_00056.npz,-0.15752065181732178,0.0822891816496849,-0.5,0.0
29,57,pid_29/seg_00057.npz,-0.20338237285614014,0.05723179504275322,-0.5,0.0
29,58,pid_29/seg_00058.npz,-0.1465791016817093,0.07321719825267792,-0.5,0.0
29,59,pid_29/seg_00059.npz,-0.18377971649169922,0.056353792548179626,-0.5,0.0
29,60,pid_29/seg_00060.npz,-0.10179995000362396,0.08406209200620651,-0.5,0.0
29,61,pid_29/seg_00061.npz,-0.04598468169569969,0.10923603922128677,-0.5,0.0
29,62,pid_29/seg_00062.npz,-0.08873220533132553,0.09332594275474548,0.0,0.0
29,63,pid_29/seg_00063.npz,-0.1353839933872223,0.07214858382940292,0.0,0.0
29,64,pid_29/seg_00064.npz,-0.13272452354431152,0.10012056678533554,0.0,0.0
29,65,pid_29/seg_00065.npz,-0.11991837620735168,0.10343537479639053,0.0,0.0
29,66,pid_29/seg_00066.npz,-0.0442020483314991,0.12146387249231339,0.0,0.0
29,67,pid_29/seg_00067.npz,-0.08620695769786835,0.1126776710152626,0.0,0.0
29,68,pid_29/seg_00068.npz,-0.1488782912492752,0.07629093527793884,0.0,0.0
29,69,pid_29/seg_00069.npz,-0.08007505536079407,0.09894251823425293,0.0,0.0
29,70,pid_29/seg_00070.npz,-0.06589363515377045,0.13353779911994934,0.5,0.0
29,71,pid_29/seg_00071.npz,-0.0745307058095932,0.1246998980641365,-0.5,0.0
29,72,pid_29/seg_00072.npz,-0.02870839089155197,0.11851425468921661,0.5,0.5
29,73,pid_29/seg_00073.npz,0.06143811717629433,0.09906988590955734,0.5,0.5
29,74,pid_29/seg_00074.npz,-0.012210392393171787,0.11368518322706223,-0.5,0.0
29,75,pid_29/seg_00075.npz,-0.09981653839349747,0.08036327362060547,-0.5,0.0
29,76,pid_29/seg_00076.npz,-0.18142005801200867,0.06491366773843765,0.0,0.0
29,77,pid_29/seg_00077.npz,-0.138335719704628,0.061039187014102936,0.0,0.0
29,78,pid_29/seg_00078.npz,-0.10185252130031586,0.07434768229722977,-0.5,0.0
29,79,pid_29/seg_00079.npz,0.025845162570476532,0.12077799439430237,0.0,0.0
29,80,pid_29/seg_00080.npz,0.032544247806072235,0.12013746052980423,0.0,0.0
29,81,pid_29/seg_00081.npz,0.02699202299118042,0.11399783194065094,-0.5,0.5
29,82,pid_29/seg_00082.npz,-0.07877408713102341,0.12225349992513657,0.5,0.5
29,83,pid_29/seg_00083.npz,-0.0688243955373764,0.1068912222981453,-0.5,0.5
29,84,pid_29/seg_00084.npz,-0.024062136188149452,0.11419279128313065,-0.5,0.0
29,85,pid_29/seg_00085.npz,-0.0036586858332157135,0.10760490596294403,0.0,0.5
29,86,pid_29/seg_00086.npz,-0.055914610624313354,0.10470828413963318,-0.5,0.0
29,87,pid_29/seg_00087.npz,-0.0025642807595431805,0.1103859394788742,-0.5,0.0
29,88,pid_29/seg_00088.npz,-0.008593037724494934,0.11106043308973312,0.5,0.0
29,89,pid_29/seg_00089.npz,0.009789840318262577,0.11493760347366333,0.5,0.0
29,90,pid_29/seg_00090.npz,0.06044086068868637,0.10091597586870193,0.5,0.0
29,91,pid_29/seg_00091.npz,0.00655401311814785,0.1045926883816719,0.5,0.0
29,92,pid_29/seg_00092.npz,-0.09492966532707214,0.10471620410680771,0.5,0.0
29,93,pid_29/seg_00093.npz,-0.2541743516921997,0.03926541283726692,-0.5,0.0
29,94,pid_29/seg_00094.npz,-0.15288937091827393,0.0716886967420578,0.5,0.0
29,95,pid_29/seg_00095.npz,-0.07689424604177475,0.11063031107187271,0.5,0.0
29,96,pid_29/seg_00096.npz,-0.06516334414482117,0.11164936423301697,0.5,0.0
29,97,pid_29/seg_00097.npz,-0.12254230678081512,0.06919926404953003,0.0,0.0
29,98,pid_29/seg_00098.npz,-0.11025720834732056,0.07154414802789688,0.0,0.0
29,99,pid_29/seg_00099.npz,-0.14310894906520844,0.06044968590140343,0.0,0.0
29,100,pid_29/seg_00100.npz,-0.09825699776411057,0.08277342468500137,0.0,0.0
29,101,pid_29/seg_00101.npz,-0.10033143311738968,0.06994234770536423,0.0,0.0
29,102,pid_29/seg_00102.npz,-0.12094634026288986,0.06772927194833755,0.0,0.0
29,103,pid_29/seg_00103.npz,-0.1631837785243988,0.06678610295057297,0.0,0.0
29,104,pid_29/seg_00104.npz,-0.1991296112537384,0.059593942016363144,0.0,0.0
29,105,pid_29/seg_00105.npz,-0.14951176941394806,0.06681904941797256,0.0,0.0
29,106,pid_29/seg_00106.npz,-0.14793485403060913,0.05908652022480965,0.0,0.0
29,107,pid_29/seg_00107.npz,-0.20046566426753998,0.06624791771173477,0.0,0.0
29,108,pid_29/seg_00108.npz,-0.08201798796653748,0.08281930536031723,0.0,0.0
29,109,pid_29/seg_00109.npz,-0.10359442234039307,0.08025103062391281,0.0,0.0
29,110,pid_29/seg_00110.npz,-0.131638303399086,0.06338433176279068,0.0,0.0
29,111,pid_29/seg_00111.npz,-0.21669727563858032,0.039344582706689835,0.0,0.0
29,112,pid_29/seg_00112.npz,-0.1205960139632225,0.06907428056001663,0.0,0.0
29,113,pid_29/seg_00113.npz,-0.1777440905570984,0.04668981954455376,0.0,0.0
29,114,pid_29/seg_00114.npz,-0.1413743495941162,0.05174902454018593,0.0,0.0
29,115,pid_29/seg_00115.npz,-0.1980396807193756,0.04921049624681473,0.0,0.0
29,116,pid_29/seg_00116.npz,-0.2513928711414337,0.0530269518494606,0.0,0.0
29,117,pid_29/seg_00117.npz,-0.1619938164949417,0.06524055451154709,0.0,0.0
29,118,pid_29/seg_00118.npz,0.008354155346751213,0.10791853070259094,0.0,0.0
29,119,pid_29/seg_00119.npz,0.04082711040973663,0.09701769053936005,0.5,0.0
29,120,pid_29/seg_00120.npz,-0.05068536475300789,0.11448198556900024,0.5,0.0
29,121,pid_29/seg_00121.npz,-0.0695813000202179,0.09507828205823898,0.0,0.0
29,122,pid_29/seg_00122.npz,-0.2095126360654831,0.051775723695755005,0.0,0.0
29,123,pid_29/seg_00123.npz,-0.07011564821004868,0.09076742827892303,0.0,0.0
29,124,pid_29/seg_00124.npz,-0.07240308076143265,0.11511899530887604,0.0,0.0
29,125,pid_29/seg_00125.npz,-0.23253540694713593,0.033354613929986954,0.0,0.0
29,126,pid_29/seg_00126.npz,-0.16808219254016876,0.057965755462646484,-0.5,0.0
29,127,pid_29/seg_00127.npz,-0.06293384730815887,0.09844695776700974,-0.5,0.0
29,128,pid_29/seg_00128.npz,-0.012880050577223301,0.09731826931238174,0.5,0.0
5,0,pid_05/seg_00000.npz,-0.2905813157558441,0.043127965182065964,0.0,0.0
5,1,pid_05/seg_00001.npz,-0.4758731722831726,0.021367035806179047,0.0,0.0
5,2,pid_05/seg_00002.npz,-0.44211545586586,0.01635773293673992,0.0,0.0
5,3,pid_05/seg_00003.npz,-0.6048363447189331,0.02556372620165348,0.0,0.0
5,4,pid_05/seg_00004.npz,-0.6205731630325317,0.01573236845433712,0.0,0.0
5,5,pid_05/seg_00005.npz,-0.6650209426879883,0.01498718373477459,0.0,0.0
5,6,pid_05/seg_00006.npz,-0.5856634974479675,0.012978995218873024,0.0,0.0
5,7,pid_05/seg_00007.npz,-0.5355966091156006,0.01650918647646904,0.0,0.0
5,8,pid_05/seg_00008.npz,-0.6601328253746033,0.004211884923279285,0.0,0.0
5,9,pid_05/seg_00009.npz,-0.49839356541633606,0.024310879409313202,0.0,0.0
5,10,pid_05/seg_00010.npz,-0.5966529846191406,0.01454639621078968,0.0,0.0
5,11,pid_05/seg_00011.npz,-0.3889392614364624,0.02383420616388321,0.0,0.0
5,12,pid_05/seg_00012.npz,-0.09268783032894135,0.07717189937829971,0.0,0.0
5,13,pid_05/seg_00013.npz,-0.09688050299882889,0.0751638412475586,0.0,0.0
5,14,pid_05/seg_00014.npz,-0.4640923738479614,0.007808252237737179,0.0,0.0
5,15,pid_05/seg_00015.npz,-0.559064507484436,0.013229832984507084,0.0,0.0
5,16,pid_05/seg_00016.npz,-0.5206314325332642,0.011469568125903606,0.0,0.0
5,17,pid_05/seg_00017.npz,-0.5288830995559692,0.01253244373947382,0.0,0.0
5,18,pid_05/seg_00018.npz,-0.4910185635089874,0.015197394415736198,0.0,0.0
5,19,pid_05/seg_00019.npz,-0.5732168555259705,0.009063131175935268,0.0,0.0
5,20,pid_05/seg_00020.npz,-0.528937041759491,0.010478471405804157,0.0,0.0
5,21,pid_05/seg_00021.npz,-0.3055979609489441,0.029814667999744415,0.0,0.0
5,22,pid_05/seg_00022.npz,0.04335986450314522,0.09285087138414383,0.0,0.0
5,23,pid_05/seg_00023.npz,-0.4095707833766937,0.022538620978593826,0.0,0.0
5,24,pid_05/seg_00024.npz,-0.19548828899860382,0.052364569157361984,-0.5,0.0
5,25,pid_05/seg_00025.npz,-0.17988954484462738,0.036805957555770874,0.0,0.0
5,26,pid_05/seg_00026.npz,0.05867433547973633,0.10012522339820862,-0.5,0.0
5,27,pid_05/seg_00027.npz,-0.1378592997789383,0.03540663793683052,0.5,0.0
5,28,pid_05/seg_00028.npz,-0.147921621799469,0.06785733997821808,-0.5,0.0
5,29,pid_05/seg_00029.npz,-0.2581932246685028,0.0342867337167263,-0.5,0.0
5,30,pid_05/seg_00030.npz,-0.17552468180656433,0.04428187385201454,-0.5,0.0
5,31,pid_05/seg_00031.npz,-0.03557020425796509,0.123123399913311,0.5,0.0
5,32,pid_05/seg_00032.npz,-0.020795375108718872,0.09770646691322327,0.0,0.0
5,33,pid_05/seg_00033.npz,-0.1613321602344513,0.06852748245000839,0.5,0.0
5,34,pid_05/seg_00034.npz,-0.2387133091688156,0.033559706062078476,0.0,0.0
5,35,pid_05/seg_00035.npz,-0.20778538286685944,0.0332709439098835,0.0,0.0
5,36,pid_05/seg_00036.npz,0.05658596754074097,0.07776881754398346,0.5,0.0
5,37,pid_05/seg_00037.npz,-0.15870019793510437,0.06630135327577591,0.5,0.0
5,38,pid_05/seg_00038.npz,-0.10209231823682785,0.09951986372470856,0.5,0.0
5,39,pid_05/seg_00039.npz,-0.1758325845003128,0.04730858653783798,-0.5,0.0
5,40,pid_05/seg_00040.npz,-0.11463681608438492,0.06735953688621521,0.5,0.0
5,41,pid_05/seg_00041.npz,-0.12791234254837036,0.047693170607089996,0.5,0.0
5,42,pid_05/seg_00042.npz,-0.15128037333488464,0.06457792967557907,0.5,0.0
5,43,pid_05/seg_00043.npz,-0.15027377009391785,0.06673348695039749,-0.5,0.0
5,44,pid_05/seg_00044.npz,-0.11844269186258316,0.05479104071855545,-0.5,0.0
5,45,pid_05/seg_00045.npz,-0.4427410066127777,0.014503689482808113,0.0,0.0
5,46,pid_05/seg_00046.npz,-0.44371357560157776,0.011252987198531628,0.0,0.0
5,47,pid_05/seg_00047.npz,-0.44204652309417725,0.0175231471657753,0.0,0.0
5,48,pid_05/seg_00048.npz,-0.32691723108291626,0.02370566315948963,0.0,0.0
5,49,pid_05/seg_00049.npz,-0.3704327344894409,0.022249050438404083,0.0,0.0
5,50,pid_05/seg_00050.npz,-0.42430412769317627,0.010133080184459686,0.0,0.0
5,51,pid_05/seg_00051.npz,-0.1778259575366974,0.023368390277028084,0.0,0.5
5,52,pid_05/seg_00052.npz,0.06209506839513779,0.04495706409215927,0.0,0.5
5,53,pid_05/seg_00053.npz,-0.2462683618068695,0.021430425345897675,0.0,0.0
5,54,pid_05/seg_00054.npz,-0.17879784107208252,0.02549010142683983,0.0,0.0
5,55,pid_05/seg_00055.npz,-0.18506042659282684,0.02630721963942051,0.0,0.0
5,56,pid_05/seg_00056.npz,-0.14933344721794128,0.027990687638521194,0.0,0.0
5,57,pid_05/seg_00057.npz,-0.1895427405834198,0.021417181938886642,0.0,0.0
5,58,pid_05/seg_00058.npz,-0.20504918694496155,0.02165011316537857,0.0,0.0
5,59,pid_05/seg_00059.npz,-0.2832774221897125,0.02096005715429783,0.0,0.0
5,60,pid_05/seg_00060.npz,-0.5224943161010742,0.011415522545576096,0.0,0.0
5,61,pid_05/seg_00061.npz,-0.4488688111305237,0.014772896654903889,0.0,0.0
5,62,pid_05/seg_00062.npz,-0.42146867513656616,0.020299037918448448,0.0,0.0
5,63,pid_05/seg_00063.npz,-0.3820035457611084,0.016911141574382782,0.0,0.0
5,64,pid_05/seg_00064.npz,-0.3671855926513672,0.010493197478353977,0.0,0.0
5,65,pid_05/seg_00065.npz,-0.3940369486808777,0.021521931514143944,0.0,0.0
5,66,pid_05/seg_00066.npz,-0.2031036913394928,0.02865876443684101,0.0,0.0
5,67,pid_05/seg_00067.npz,-0.1985561102628708,0.027287721633911133,0.0,-0.5
5,68,pid_05/seg_00068.npz,0.06143758445978165,0.10529825836420059,0.0,0.0
5,69,pid_05/seg_00069.npz,0.08433664590120316,0.10930760204792023,0.0,0.0
5,70,pid_05/seg_00070.npz,-0.27377375960350037,0.037783801555633545,0.0,0.0
5,71,pid_05/seg_00071.npz,-0.17902345955371857,0.044207554310560226,0.0,0.0
5,72,pid_05/seg_00072.npz,-0.12294366210699081,0.09118236601352692,0.0,0.0
5,73,pid_05/seg_00073.npz,-0.2546900808811188,0.032607756555080414,0.0,0.0
5,74,pid_05/seg_00074.npz,-0.15822257101535797,0.03869560360908508,0.0,0.0
5,75,pid_05/seg_00075.npz,-0.13505356013774872,0.05056600645184517,0.0,0.0
5,76,pid_05/seg_00076.npz,-0.14010153710842133,0.056648481637239456,0.0,0.0
5,77,pid_05/seg_00077.npz,0.008325750008225441,0.11631448566913605,0.0,0.0
5,78,pid_05/seg_00078.npz,-0.10501788556575775,0.06873704493045807,0.0,0.0
5,79,pid_05/seg_00079.npz,-0.09722860902547836,0.0658942386507988,0.0,0.0
5,80,pid_05/seg_00080.npz,0.01777941733598709,0.1264510303735733,0.0,0.0
5,81,pid_05/seg_00081.npz,-0.15804597735404968,0.050395093858242035,0.5,0.0
5,82,pid_05/seg_00082.npz,-0.11314614862203598,0.05855073779821396,0.0,0.0
5,83,pid_05/seg_00083.npz,-0.1339089274406433,0.0494452603161335,0.0,0.0
5,84,pid_05/seg_00084.npz,-0.050272971391677856,0.1131303459405899,0.0,0.0
5,85,pid_05/seg_00085.npz,0.003978680353611708,0.11373419314622879,0.5,0.0
5,86,pid_05/seg_00086.npz,-0.09295759350061417,0.057558733969926834,0.0,0.0
5,87,pid_05/seg_00087.npz,-0.06770835071802139,0.08542205393314362,0.0,0.0
5,88,pid_05/seg_00088.npz,0.020961102098226547,0.12482915073633194,0.0,0.0
5,89,pid_05/seg_00089.npz,0.08944542706012726,0.1021658182144165,-0.5,0.0
5,90,pid_05/seg_00090.npz,-0.051650021225214005,0.12625107169151306,0.0,0.0
5,91,pid_05/seg_00091.npz,-0.18682639300823212,0.05560794845223427,0.0,0.0
5,92,pid_05/seg_00092.npz,-0.14718036353588104,0.06607388705015182,0.0,0.0
5,93,pid_05/seg_00093.npz,-0.026871955022215843,0.09239469468593597,0.0,0.0
5,94,pid_05/seg_00094.npz,-0.14120525121688843,0.06557650864124298,0.0,0.0
5,95,pid_05/seg_00095.npz,-0.09298805892467499,0.09214281290769577,0.0,0.0
5,96,pid_05/seg_00096.npz,-0.08712112158536911,0.06739050894975662,0.0,0.0
5,97,pid_05/seg_00097.npz,-0.1697232872247696,0.027471475303173065,0.0,0.0
5,98,pid_05/seg_00098.npz,-0.11428996920585632,0.06376300752162933,0.0,0.0
5,99,pid_05/seg_00099.npz,-0.06458809226751328,0.10214740037918091,0.0,0.0
5,100,pid_05/seg_00100.npz,-0.011088299565017223,0.09156441688537598,0.0,0.0
5,101,pid_05/seg_00101.npz,0.07665300369262695,0.1032048687338829,0.0,0.0
5,102,pid_05/seg_00102.npz,-0.25732702016830444,0.03596239537000656,0.0,0.0
5,103,pid_05/seg_00103.npz,-0.17305883765220642,0.026393041014671326,0.0,0.0
5,104,pid_05/seg_00104.npz,-0.14836855232715607,0.02831757813692093,0.0,0.0
5,105,pid_05/seg_00105.npz,-0.19535401463508606,0.027181077748537064,0.0,0.0
5,106,pid_05/seg_00106.npz,-0.1149764284491539,0.04931149631738663,0.0,0.0
5,107,pid_05/seg_00107.npz,-0.10959429293870926,0.0634511336684227,0.0,0.0
5,108,pid_05/seg_00108.npz,-0.15835651755332947,0.0356726348400116,0.0,0.0
5,109,pid_05/seg_00109.npz,-0.07123511284589767,0.08642584085464478,0.0,0.0
5,110,pid_05/seg_00110.npz,0.05184502527117729,0.10917104035615921,0.0,0.0
5,111,pid_05/seg_00111.npz,-0.18439830839633942,0.033739134669303894,0.0,0.0
5,112,pid_05/seg_00112.npz,-0.115605928003788,0.031334903091192245,0.0,0.0
5,113,pid_05/seg_00113.npz,-0.15413427352905273,0.04082656651735306,0.0,0.0
5,114,pid_05/seg_00114.npz,-0.13216328620910645,0.04295876622200012,0.0,0.0
5,115,pid_05/seg_00115.npz,-0.12207750231027603,0.03620783984661102,0.0,0.0
5,116,pid_05/seg_00116.npz,0.007495848927646875,0.0828477293252945,0.0,0.0
5,117,pid_05/seg_00117.npz,-0.11116349697113037,0.043646086007356644,0.0,0.0
5,118,pid_05/seg_00118.npz,-0.017865069210529327,0.09645196050405502,0.0,0.0
5,119,pid_05/seg_00119.npz,-0.052088234573602676,0.1278105080127716,0.0,0.0
5,120,pid_05/seg_00120.npz,-0.021197805181145668,0.12092632055282593,0.0,0.0
5,121,pid_05/seg_00121.npz,0.05642131716012955,0.09293561428785324,0.0,0.0
5,122,pid_05/seg_00122.npz,0.11456941068172455,0.06052197143435478,0.0,0.0
5,123,pid_05/seg_00123.npz,0.10037298500537872,0.06999857723712921,0.0,0.0
5,124,pid_05/seg_00124.npz,-0.18046016991138458,0.058044202625751495,-0.5,0.0
5,125,pid_05/seg_00125.npz,-0.3227274715900421,0.025579871609807014,-0.5,0.0
8,0,pid_08/seg_00000.npz,-0.17944282293319702,-0.006191967986524105,-0.5,0.0
8,1,pid_08/seg_00001.npz,-0.33461177349090576,-0.001446781912818551,-0.5,0.0
8,2,pid_08/seg_00002.npz,-0.2525644600391388,-0.01058931928128004,-0.5,0.0
8,3,pid_08/seg_00003.npz,-0.16143599152565002,-0.015667524188756943,-0.5,0.0
8,4,pid_08/seg_00004.npz,-0.10709389299154282,-0.014591073617339134,-0.5,0.0
8,5,pid_08/seg_00005.npz,-0.24799732863903046,-0.010972362942993641,-0.5,0.0
8,6,pid_08/seg_00006.npz,-0.28361791372299194,-0.008155090734362602,0.0,0.0
8,7,pid_08/seg_00007.npz,-0.26902684569358826,-0.009913329035043716,-0.5,0.0
8,8,pid_08/seg_00008.npz,-0.24640895426273346,-0.01045583002269268,-0.5,0.0
8,9,pid_08/seg_00009.npz,-0.164110004901886,-0.016916261985898018,-0.5,0.0
8,10,pid_08/seg_00010.npz,-0.20688094198703766,-0.011677933856844902,-0.5,0.0
8,11,pid_08/seg_00011.npz,-0.16697032749652863,-0.012042172253131866,-0.5,0.0
8,12,pid_08/seg_00012.npz,-0.24630014598369598,-0.011602882295846939,-0.5,0.0
8,13,pid_08/seg_00013.npz,-0.2108820229768753,-0.011993329040706158,-0.5,0.0
8,14,pid_08/seg_00014.npz,-0.2289303094148636,-0.009695406071841717,-0.5,0.0
8,15,pid_08/seg_00015.npz,-0.15097707509994507,-0.0013911884743720293,0.0,0.0
8,16,pid_08/seg_00016.npz,-0.25069499015808105,-0.010118925012648106,0.0,0.0
8,17,pid_08/seg_00017.npz,-0.2644841969013214,-0.005001617129892111,0.0,0.0
8,18,pid_08/seg_00018.npz,-0.30677950382232666,-0.005918379407376051,-0.5,0.0
8,19,pid_08/seg_00019.npz,-0.331024706363678,-0.010659423656761646,-0.5,0.0
8,20,pid_08/seg_00020.npz,-0.2964295744895935,0.0002939461264759302,-0.5,0.0
8,21,pid_08/seg_00021.npz,-0.3077808618545532,-0.003814511466771364,-0.5,0.0
8,22,pid_08/seg_00022.npz,-0.15147097408771515,-0.015842590481042862,-0.5,0.0
8,23,pid_08/seg_00023.npz,-0.21629482507705688,0.006262640934437513,-0.5,0.0
8,24,pid_08/seg_00024.npz,-0.28798091411590576,-0.004173802211880684,-1.0,0.0
8,25,pid_08/seg_00025.npz,-0.25525611639022827,-0.0008316631428897381,-1.0,0.0
8,26,pid_08/seg_00026.npz,-0.3412635326385498,-0.006372157484292984,-1.0,0.0
8,27,pid_08/seg_00027.npz,-0.37044087052345276,-0.0058415355160832405,-1.0,0.0
8,28,pid_08/seg_00028.npz,-0.3524457514286041,-0.0027144914492964745,-1.0,0.0
8,29,pid_08/seg_00029.npz,-0.3269293010234833,-0.0018812566995620728,-1.0,0.0
8,30,pid_08/seg_00030.npz,-0.3125459849834442,-0.005300201941281557,-1.0,0.0
8,31,pid_08/seg_00031.npz,-0.3853307366371155,-0.004727865569293499,-0.5,0.0
8,32,pid_08/seg_00032.npz,-0.39352139830589294,0.0052763307467103004,-0.5,0.0
8,33,pid_08/seg_00033.npz,-0.20915019512176514,-0.009491908363997936,-0.5,0.0
8,34,pid_08/seg_00034.npz,-0.11167153716087341,-0.013272106647491455,-0.5,0.0
8,35,pid_08/seg_00035.npz,-0.19409088790416718,-0.006034488324075937,-0.5,0.0
8,36,pid_08/seg_00036.npz,-0.19418556988239288,-0.007620696909725666,0.0,0.0
8,37,pid_08/seg_00037.npz,-0.14950715005397797,-0.010764137841761112,0.0,0.0
8,38,pid_08/seg_00038.npz,-0.21541032195091248,-0.004895810969173908,-0.5,0.0
8,39,pid_08/seg_00039.npz,-0.34215548634529114,0.00017683321493677795,-0.5,0.0
8,40,pid_08/seg_00040.npz,-0.2744330167770386,-0.007671443745493889,-0.5,0.0
8,41,pid_08/seg_00041.npz,-0.3223762810230255,-0.0029315315186977386,-0.5,0.0
8,42,pid_08/seg_00042.npz,-0.3160910904407501,-0.0035618292167782784,-0.5,0.0
8,43,pid_08/seg_00043.npz,-0.37119176983833313,-0.001784446183592081,-1.0,0.0
8,44,pid_08/seg_00044.npz,-0.22575633227825165,-0.005861723329871893,-0.5,0.0
8,45,pid_08/seg_00045.npz,-0.21014663577079773,-0.009599649347364902,-0.5,0.0
8,46,pid_08/seg_00046.npz,-0.26719143986701965,-0.009056467562913895,-0.5,0.0
8,47,pid_08/seg_00047.npz,-0.28431475162506104,-0.0006129959947429597,-0.5,0.0
8,48,pid_08/seg_00048.npz,-0.2300068587064743,-0.00793094839900732,-0.5,-0.5
8,49,pid_08/seg_00049.npz,-0.18011769652366638,-0.013879443518817425,-0.5,0.0
8,50,pid_08/seg_00050.npz,-0.26352056860923767,-0.010354878380894661,0.5,-0.5
8,51,pid_08/seg_00051.npz,-0.1781761199235916,-0.015042483806610107,0.5,0.0
8,52,pid_08/seg_00052.npz,-0.25975555181503296,-0.010054788552224636,-0.5,0.0
8,53,pid_08/seg_00053.npz,-0.29644957184791565,-0.00513457739725709,0.5,-0.5
8,54,pid_08/seg_00054.npz,-0.30049487948417664,-0.005976545158773661,0.0,0.0
8,55,pid_08/seg_00055.npz,-0.29653680324554443,-0.0024896045215427876,-0.5,-0.5
8,56,pid_08/seg_00056.npz,-0.22906062006950378,-0.014499098993837833,0.0,-0.5
8,57,pid_08/seg_00057.npz,-0.25231772661209106,-0.010270649567246437,0.5,-0.5
8,58,pid_08/seg_00058.npz,-0.2634772062301636,-0.00585000729188323,0.0,-0.5
8,59,pid_08/seg_00059.npz,-0.21873177587985992,-0.007947862148284912,0.0,-0.5
8,60,pid_08/seg_00060.npz,-0.2401081621646881,-0.007086046040058136,0.0,0.0
8,61,pid_08/seg_00061.npz,-0.1484302431344986,-0.0226063821464777,0.0,0.0
8,62,pid_08/seg_00062.npz,-0.23318040370941162,-0.012860314920544624,-0.5,0.0
8,63,pid_08/seg_00063.npz,-0.2540218234062195,-0.007175340782850981,0.0,0.0
8,64,pid_08/seg_00064.npz,-0.21193350851535797,-0.00764422956854105,-0.5,0.0
8,65,pid_08/seg_00065.npz,-0.24261759221553802,-0.009160283952951431,-0.5,0.0
8,66,pid_08/seg_00066.npz,-0.31288960576057434,0.0002788551792036742,-0.5,0.0
8,67,pid_08/seg_00067.npz,-0.35912057757377625,-0.0011262146290391684,0.0,0.0
8,68,pid_08/seg_00068.npz,-0.26825806498527527,-0.004880733322352171,-0.5,0.0
8,69,pid_08/seg_00069.npz,-0.34969982504844666,-0.005965054035186768,-0.5,0.0
8,70,pid_08/seg_00070.npz,-0.1854153275489807,-0.0026570383924990892,-0.5,0.0
8,71,pid_08/seg_00071.npz,-0.32758280634880066,-0.0021035154350101948,-0.5,0.0
8,72,pid_08/seg_00072.npz,-0.3303585946559906,0.0005428470321930945,-1.0,0.0
8,73,pid_08/seg_00073.npz,-0.3085029125213623,-0.004203224088996649,-1.0,0.0
8,74,pid_08/seg_00074.npz,-0.3272072970867157,-0.002229937119409442,-1.0,0.0
8,75,pid_08/seg_00075.npz,-0.3528759479522705,-0.003484294516965747,-1.0,0.0
8,76,pid_08/seg_00076.npz,-0.2692396938800812,-0.003615529742091894,-1.0,0.0
8,77,pid_08/seg_00077.npz,-0.32603493332862854,-0.003155696438625455,-1.0,0.0
8,78,pid_08/seg_00078.npz,-0.29823532700538635,-0.004998816642910242,-1.0,0.0
8,79,pid_08/seg_00079.npz,-0.21855689585208893,-0.0030545617919415236,-1.0,0.0
8,80,pid_08/seg_00080.npz,-0.17878291010856628,-0.008102783933281898,-1.0,0.0
8,81,pid_08/seg_00081.npz,-0.15249083936214447,-0.006768940482288599,-1.0,0.0
8,82,pid_08/seg_00082.npz,-0.3448999226093292,-0.003041487419977784,-1.0,0.0
8,83,pid_08/seg_00083.npz,-0.3228897750377655,-0.0017531198682263494,-1.0,0.0
8,84,pid_08/seg_00084.npz,-0.34592917561531067,0.00020387016411405057,0.0,0.0
8,85,pid_08/seg_00085.npz,-0.26262691617012024,-0.0043796151876449585,-0.5,0.0
8,86,pid_08/seg_00086.npz,-0.2587890625,-0.008731410838663578,-0.5,0.0
8,87,pid_08/seg_00087.npz,-0.21040411293506622,-0.006856412626802921,-0.5,0.0
8,88,pid_08/seg_00088.npz,-0.16321897506713867,-0.013732962310314178,-0.5,0.0
8,89,pid_08/seg_00089.npz,-0.2948731780052185,-0.00594737334176898,0.5,0.0
8,90,pid_08/seg_00090.npz,-0.234211266040802,-0.0049094851128757,0.5,0.0
8,91,pid_08/seg_00091.npz,-0.18788795173168182,-0.007794875651597977,-0.5,0.0
8,92,pid_08/seg_00092.npz,-0.23673862218856812,-0.010376607067883015,0.0,0.0
8,93,pid_08/seg_00093.npz,-0.26055818796157837,-0.0019158930517733097,0.5,0.0
8,94,pid_08/seg_00094.npz,-0.1898847073316574,-0.014595553278923035,0.5,0.0
8,95,pid_08/seg_00095.npz,-0.196462020277977,-0.010099513456225395,0.0,0.0
8,96,pid_08/seg_00096.npz,-0.23141416907310486,-0.011766578070819378,0.5,-0.5
8,97,pid_08/seg_00097.npz,-0.3106261193752289,-0.003726252354681492,0.0,0.0
8,98,pid_08/seg_00098.npz,-0.2760532796382904,-0.007434946950525045,0.0,0.0
8,99,pid_08/seg_00099.npz,-0.23723067343235016,-0.00954272411763668,0.0,0.0
8,100,pid_08/seg_00100.npz,-0.23890173435211182,-0.011075036600232124,0.0,0.0
8,101,pid_08/seg_00101.npz,-0.2718070149421692,-0.003845220897346735,0.0,0.0
8,102,pid_08/seg_00102.npz,-0.17033571004867554,-0.0096672922372818,0.0,0.0
8,103,pid_08/seg_00103.npz,-0.3145771026611328,0.0031956196762621403,-0.5,0.0
8,104,pid_08/seg_00104.npz,-0.30826473236083984,-0.0006437470437958837,-0.5,0.0
8,105,pid_08/seg_00105.npz,-0.29745393991470337,-0.001955219777300954,-0.5,0.0
8,106,pid_08/seg_00106.npz,-0.22637176513671875,-0.005668680649250746,-0.5,0.0
8,107,pid_08/seg_00107.npz,-0.2962431013584137,-0.0014745944645255804,-0.5,0.0
8,108,pid_08/seg_00108.npz,-0.27995002269744873,-0.003580886172130704,-0.5,0.0
8,109,pid_08/seg_00109.npz,-0.2712971568107605,-0.0034840023145079613,-0.5,0.0
8,110,pid_08/seg_00110.npz,-0.34105193614959717,-0.0010644326684996486,-1.0,0.0
8,111,pid_08/seg_00111.npz,-0.40649479627609253,-0.003042217344045639,-1.0,0.0
8,112,pid_08/seg_00112.npz,-0.3193768858909607,0.00096027588006109,-1.0,0.0
8,113,pid_08/seg_00113.npz,-0.3273928761482239,0.006549083162099123,-1.0,0.0
8,114,pid_08/seg_00114.npz,-0.339238703250885,9.41185062401928e-05,-1.0,0.0
8,115,pid_08/seg_00115.npz,-0.3429592549800873,0.005158047191798687,-1.0,0.0
8,116,pid_08/seg_00116.npz,-0.37436747550964355,0.002981604775413871,-1.0,0.0
8,117,pid_08/seg_00117.npz,-0.38214579224586487,0.0019329764181748033,-1.0,0.0
8,118,pid_08/seg_00118.npz,-0.3250369727611542,0.0013654144713655114,-1.0,0.0
8,119,pid_08/seg_00119.npz,-0.27812114357948303,0.005807654932141304,-1.0,0.0
8,120,pid_08/seg_00120.npz,-0.368773490190506,0.0050370884127914906,-1.0,0.0
8,121,pid_08/seg_00121.npz,-0.31777745485305786,0.005313328932970762,-1.0,0.0
8,122,pid_08/seg_00122.npz,-0.23901918530464172,0.0035741773899644613,-0.5,0.0
19,0,pid_19/seg_00000.npz,0.052890412509441376,-0.12646256387233734,0.5,0.0
19,1,pid_19/seg_00001.npz,0.012072227895259857,-0.06822554767131805,0.5,0.0
19,2,pid_19/seg_00002.npz,0.05667990818619728,-0.06675168871879578,0.5,0.0
19,3,pid_19/seg_00003.npz,0.15816986560821533,-0.10834555327892303,0.5,0.0
19,4,pid_19/seg_00004.npz,0.11254764348268509,-0.02858167514204979,0.5,0.0
19,5,pid_19/seg_00005.npz,0.0716242641210556,-0.03426801785826683,0.5,0.0
19,6,pid_19/seg_00006.npz,0.04782519116997719,-0.0577886626124382,0.5,0.0
19,7,pid_19/seg_00007.npz,-0.07376846671104431,-0.022863170132040977,0.5,0.0
19,8,pid_19/seg_00008.npz,0.09204845875501633,-0.046655621379613876,0.5,0.0
19,9,pid_19/seg_00009.npz,0.0736970454454422,-0.04528052359819412,0.5,0.0
19,10,pid_19/seg_00010.npz,-0.05168521776795387,-0.048851922154426575,0.5,0.0
19,11,pid_19/seg_00011.npz,0.057270970195531845,-0.0384456105530262,0.5,0.0
19,12,pid_19/seg_00012.npz,0.07304675877094269,-0.0885341688990593,0.5,0.0
19,13,pid_19/seg_00013.npz,0.08986023813486099,0.00036987155908718705,0.0,0.0
19,14,pid_19/seg_00014.npz,0.08347208797931671,-0.07191452383995056,0.0,0.0
19,15,pid_19/seg_00015.npz,0.15257379412651062,-0.04125780612230301,0.0,0.0
19,16,pid_19/seg_00016.npz,0.14260970056056976,-0.039340000599622726,0.0,-0.5
19,17,pid_19/seg_00017.npz,0.03813749924302101,-0.05857343599200249,0.0,-0.5
19,18,pid_19/seg_00018.npz,0.10630932450294495,0.020401397719979286,0.0,0.0
19,19,pid_19/seg_00019.npz,0.047429393976926804,-0.05138792470097542,0.0,0.0
19,20,pid_19/seg_00020.npz,-0.12415757775306702,-0.027313565835356712,0.0,0.0
19,21,pid_19/seg_00021.npz,-0.03711995854973793,-0.06621112674474716,0.0,0.0
19,22,pid_19/seg_00022.npz,-0.23206670582294464,-0.025487298145890236,0.0,-0.5
19,23,pid_19/seg_00023.npz,-0.06519869714975357,-0.04547535628080368,0.0,-0.5
19,24,pid_19/seg_00024.npz,0.04396369680762291,-0.16576534509658813,0.0,0.0
19,25,pid_19/seg_00025.npz,-0.06347966939210892,-0.035838570445775986,0.0,0.0
19,26,pid_19/seg_00026.npz,0.06348580121994019,-0.04366443678736687,0.5,-0.5
19,27,pid_19/seg_00027.npz,-0.026808036491274834,-0.1365281194448471,0.5,-0.5
19,28,pid_19/seg_00028.npz,0.01567341759800911,-0.11597053706645966,0.5,0.0
19,29,pid_19/seg_00029.npz,-0.058230794966220856,-0.041480306535959244,0.0,-0.5
19,30,pid_19/seg_00030.npz,-0.15840822458267212,-0.02650616317987442,0.5,0.0
19,31,pid_19/seg_00031.npz,-0.19909298419952393,-0.03285868838429451,0.0,0.0
19,32,pid_19/seg_00032.npz,-0.04561815783381462,-0.06643363833427429,0.0,0.0
19,33,pid_19/seg_00033.npz,-0.14094838500022888,-0.015511574223637581,0.0,0.0
19,34,pid_19/seg_00034.npz,-0.20709466934204102,-0.029778534546494484,0.0,0.0
19,35,pid_19/seg_00035.npz,-0.22108931839466095,-0.02903127484023571,0.0,0.0
19,36,pid_19/seg_00036.npz,-0.14146654307842255,-0.023318646475672722,0.0,0.0
19,37,pid_19/seg_00037.npz,-0.02171255648136139,-0.09897149354219437,0.0,0.0
19,38,pid_19/seg_00038.npz,-0.055809129029512405,-0.07095107436180115,0.0,0.0
19,39,pid_19/seg_00039.npz,-0.09083134680986404,-0.004631298128515482,0.0,0.0
19,40,pid_19/seg_00040.npz,-0.0761013850569725,-0.019343912601470947,0.0,0.0
19,41,pid_19/seg_00041.npz,-0.1451062709093094,-0.05642646178603172,0.0,0.0
19,42,pid_19/seg_00042.npz,0.04808398336172104,-0.04774877429008484,0.0,0.0
19,43,pid_19/seg_00043.npz,0.03515982627868652,-0.07432535290718079,0.5,-0.5
19,44,pid_19/seg_00044.npz,0.0624971017241478,-0.0381232425570488,0.5,-0.5
19,45,pid_19/seg_00045.npz,-0.07718890905380249,-0.06724151223897934,0.5,0.0
19,46,pid_19/seg_00046.npz,-0.008311346173286438,-0.13813921809196472,0.5,0.0
19,47,pid_19/seg_00047.npz,0.15664176642894745,-0.09614186733961105,0.5,-0.5
19,48,pid_19/seg_00048.npz,0.05673651024699211,-0.04247285798192024,0.5,-0.5
19,49,pid_19/seg_00049.npz,0.09780995547771454,-0.06807904690504074,0.5,-0.5
19,50,pid_19/seg_00050.npz,0.0707864910364151,-0.003753622993826866,0.5,-0.5
19,51,pid_19/seg_00051.npz,0.07402389496564865,-0.013295442797243595,0.5,-0.5
19,52,pid_19/seg_00052.npz,0.06663315743207932,-0.02861545793712139,0.5,-0.5
19,53,pid_19/seg_00053.npz,0.08136823028326035,-0.009558337740600109,0.5,-0.5
19,54,pid_19/seg_00054.npz,0.1286243349313736,-0.09069256484508514,0.5,-0.5
19,55,pid_19/seg_00055.npz,0.10706914216279984,0.008405082859098911,0.5,-0.5
19,56,pid_19/seg_00056.npz,0.07244664430618286,-0.02773936837911606,0.5,-0.5
19,57,pid_19/seg_00057.npz,0.07401707768440247,-0.0017162460135295987,0.5,-0.5
19,58,pid_19/seg_00058.npz,-0.08943404257297516,-0.043020956218242645,0.0,-0.5
19,59,pid_19/seg_00059.npz,-0.22431232035160065,-0.03239744156599045,0.0,-0.5
19,60,pid_19/seg_00060.npz,-0.11123324185609818,-0.0268554724752903,0.0,-0.5
19,61,pid_19/seg_00061.npz,-0.09982573986053467,-0.03982478380203247,0.0,-0.5
19,62,pid_19/seg_00062.npz,-0.1480465829372406,-0.018427584320306778,0.0,0.0
19,63,pid_19/seg_00063.npz,-0.008506675250828266,-0.07732624560594559,0.0,-0.5
19,64,pid_19/seg_00064.npz,-0.1003144308924675,-0.05479835346341133,0.0,-0.5
19,65,pid_19/seg_00065.npz,-0.11900985985994339,-0.05533413216471672,0.0,0.0
19,66,pid_19/seg_00066.npz,-0.11641844362020493,-0.0480988435447216,0.0,-0.5
19,67,pid_19/seg_00067.npz,-0.20552363991737366,-0.018633678555488586,0.0,-0.5
19,68,pid_19/seg_00068.npz,-0.1133250743150711,-0.04091072455048561,0.0,0.0
19,69,pid_19/seg_00069.npz,0.040833450853824615,-0.05516551434993744,0.0,0.0
19,70,pid_19/seg_00070.npz,-0.07091952115297318,-0.02952328883111477,0.0,0.0
19,71,pid_19/seg_00071.npz,-0.05929693952202797,-0.08229691535234451,0.0,-0.5
19,72,pid_19/seg_00072.npz,-0.03037332184612751,-0.10900835692882538,0.0,0.0
19,73,pid_19/seg_00073.npz,-0.07421311736106873,-0.03228769451379776,0.0,-0.5
19,74,pid_19/seg_00074.npz,-0.13341334462165833,-0.018316341564059258,0.0,-0.5
19,75,pid_19/seg_00075.npz,-0.04570508375763893,-0.08182864636182785,0.0,0.0
19,76,pid_19/seg_00076.npz,-0.12282344698905945,-0.026812827214598656,0.0,0.0
19,77,pid_19/seg_00077.npz,-0.2535506784915924,-0.023645035922527313,0.0,0.0
19,78,pid_19/seg_00078.npz,-0.06970382481813431,-0.0259974654763937,0.0,-0.5
19,79,pid_19/seg_00079.npz,-0.11998771876096725,-0.05923556536436081,0.0,-0.5
19,80,pid_19/seg_00080.npz,0.06408420205116272,-0.034510307013988495,0.5,-0.5
19,81,pid_19/seg_00081.npz,0.08180048316717148,-0.12301747500896454,0.5,0.0
19,82,pid_19/seg_00082.npz,-0.022162949666380882,-0.06119433045387268,0.5,-0.5
19,83,pid_19/seg_00083.npz,-0.056228045374155045,-0.044188421219587326,0.5,0.0
19,84,pid_19/seg_00084.npz,0.11985311657190323,-0.0322640985250473,0.0,0.0
19,85,pid_19/seg_00085.npz,0.11869264394044876,-0.016131633892655373,0.0,0.0
19,86,pid_19/seg_00086.npz,0.11012256145477295,-0.07323218137025833,0.0,0.0
19,87,pid_19/seg_00087.npz,0.18264950811862946,-0.09473950415849686,0.0,0.0
19,88,pid_19/seg_00088.npz,0.024585457518696785,-0.07502194494009018,0.0,0.0
19,89,pid_19/seg_00089.npz,-0.06449035555124283,-0.030394721776247025,0.0,0.0
19,90,pid_19/seg_00090.npz,0.2239273190498352,-0.11504224687814713,0.0,0.0
19,91,pid_19/seg_00091.npz,0.004840113688260317,-0.07216925173997879,0.0,-0.5
19,92,pid_19/seg_00092.npz,0.07687654346227646,-0.04149956256151199,0.0,-0.5
19,93,pid_19/seg_00093.npz,0.06639931350946426,-0.020343342795968056,0.0,0.0
19,94,pid_19/seg_00094.npz,0.053872354328632355,-0.07665219902992249,0.0,0.0
19,95,pid_19/seg_00095.npz,0.10673435032367706,-0.0108091551810503,0.0,0.0
19,96,pid_19/seg_00096.npz,0.07324741780757904,-0.05461133271455765,0.0,0.0
19,97,pid_19/seg_00097.npz,0.07278512418270111,-0.016645004972815514,0.0,-0.5
19,98,pid_19/seg_00098.npz,-0.07573357969522476,-0.024441780522465706,0.0,0.0
19,99,pid_19/seg_00099.npz,-0.11603282392024994,-0.06840069591999054,0.0,0.0
19,100,pid_19/seg_00100.npz,-0.1716470718383789,-0.02419309690594673,0.0,0.0
19,101,pid_19/seg_00101.npz,-0.0943390280008316,-0.03932934254407883,0.0,0.0
19,102,pid_19/seg_00102.npz,-0.07221020013093948,-0.040263570845127106,0.0,0.0
19,103,pid_19/seg_00103.npz,-0.0618739128112793,-0.05298079922795296,0.0,0.0
19,104,pid_19/seg_00104.npz,-0.16103622317314148,-0.01929543726146221,0.0,0.0
19,105,pid_19/seg_00105.npz,0.09418198466300964,-0.05467994138598442,-0.5,0.0
19,106,pid_19/seg_00106.npz,0.06883606314659119,-0.16656284034252167,0.0,-0.5
19,107,pid_19/seg_00107.npz,-0.2786043882369995,-0.07034961879253387,-0.5,-0.5
19,108,pid_19/seg_00108.npz,-0.007393223699182272,-0.1765115112066269,0.0,0.0
19,109,pid_19/seg_00109.npz,-0.06561951339244843,-0.07515005022287369,0.0,0.0
19,110,pid_19/seg_00110.npz,-0.11888975650072098,-0.04624878242611885,-0.5,0.0
19,111,pid_19/seg_00111.npz,-0.11457682400941849,-0.020274387672543526,0.0,0.0
19,112,pid_19/seg_00112.npz,-0.12523594498634338,-0.013393635861575603,-0.5,0.0
19,113,pid_19/seg_00113.npz,-0.10661238431930542,-0.03906114771962166,-0.5,0.0
19,114,pid_19/seg_00114.npz,-0.11402369290590286,-0.04274486377835274,0.0,0.0
19,115,pid_19/seg_00115.npz,-0.09839862585067749,-0.0295216403901577,-0.5,0.0
19,116,pid_19/seg_00116.npz,-0.22204537689685822,-0.020683083683252335,-0.5,0.0
19,117,pid_19/seg_00117.npz,-0.2265564501285553,-0.036475710570812225,0.0,0.0
19,118,pid_19/seg_00118.npz,-0.10775971412658691,-0.05111920088529587,0.0,0.0
19,119,pid_19/seg_00119.npz,-0.0976710096001625,-0.023461434990167618,-0.5,0.0
19,120,pid_19/seg_00120.npz,-0.08132883161306381,-0.030435139313340187,0.0,0.0
19,121,pid_19/seg_00121.npz,-0.015015814453363419,-0.09536048024892807,-0.5,0.0
19,122,pid_19/seg_00122.npz,-0.03166831657290459,-0.07392644882202148,-0.5,0.0
19,123,pid_19/seg_00123.npz,0.06512026488780975,-0.028848964720964432,0.0,0.0
19,124,pid_19/seg_00124.npz,-0.09281044453382492,-0.007452796213328838,0.5,0.0
13,0,pid_13/seg_00000.npz,-0.2545539438724518,0.028334319591522217,0.0,0.0
13,1,pid_13/seg_00001.npz,-0.1685589849948883,0.007831641472876072,0.0,0.0
13,2,pid_13/seg_00002.npz,-0.12497728317975998,-0.0037795384414494038,0.0,0.0
13,3,pid_13/seg_00003.npz,-0.1619628518819809,0.0210643969476223,0.0,0.0
13,4,pid_13/seg_00004.npz,-0.14881353080272675,0.025310590863227844,0.0,0.0
13,5,pid_13/seg_00005.npz,-0.1396549940109253,0.029498852789402008,0.0,0.0
13,6,pid_13/seg_00006.npz,-0.18334707617759705,-0.0036549302749335766,0.0,0.0
13,7,pid_13/seg_00007.npz,-0.13887019455432892,0.014601615257561207,0.0,0.0
13,8,pid_13/seg_00008.npz,-0.18916040658950806,0.024717221036553383,-0.5,0.0
13,9,pid_13/seg_00009.npz,-0.13982361555099487,0.02273961342871189,-0.5,0.0
13,10,pid_13/seg_00010.npz,-0.14941711723804474,0.015610956586897373,-0.5,0.0
13,11,pid_13/seg_00011.npz,-0.16558757424354553,0.02469502203166485,-0.5,0.0
13,12,pid_13/seg_00012.npz,-0.16958799958229065,0.033164676278829575,-0.5,0.0
13,13,pid_13/seg_00013.npz,-0.16289733350276947,0.014505486004054546,-0.5,0.0
13,14,pid_13/seg_00014.npz,-0.17890635132789612,-0.004791000857949257,-0.5,0.0
13,15,pid_13/seg_00015.npz,-0.13250763714313507,0.03863818198442459,-0.5,0.0
13,16,pid_13/seg_00016.npz,-0.20920895040035248,0.0137849822640419,-0.5,0.0
13,17,pid_13/seg_00017.npz,-0.21594849228858948,0.0034813350066542625,0.0,0.0
13,18,pid_13/seg_00018.npz,-0.17283323407173157,0.026116246357560158,0.0,0.0
13,19,pid_13/seg_00019.npz,-0.4544998109340668,0.009070288389921188,0.0,0.0
13,20,pid_13/seg_00020.npz,-0.24342307448387146,0.007679290603846312,0.0,0.0
13,21,pid_13/seg_00021.npz,-0.1480642408132553,0.006768875755369663,0.5,0.0
13,22,pid_13/seg_00022.npz,-0.21871209144592285,0.01388738863170147,0.5,0.0
13,23,pid_13/seg_00023.npz,-0.11558553576469421,0.002167124068364501,0.5,-0.5
13,24,pid_13/seg_00024.npz,-0.13764417171478271,0.021452676504850388,0.5,0.0
13,25,pid_13/seg_00025.npz,-0.13114720582962036,0.0187379103153944,0.0,0.0
13,26,pid_13/seg_00026.npz,-0.2957276999950409,0.006760451011359692,-0.5,0.0
13,27,pid_13/seg_00027.npz,-0.2572185695171356,0.0032300769817084074,-0.5,0.0
13,28,pid_13/seg_00028.npz,-0.22424478828907013,0.01809491217136383,-0.5,0.0
13,29,pid_13/seg_00029.npz,-0.2137470692396164,-0.01921779103577137,0.5,0.0
13,30,pid_13/seg_00030.npz,-0.148911252617836,0.021713752299547195,-0.5,0.0
13,31,pid_13/seg_00031.npz,-0.25958192348480225,0.027127716690301895,-0.5,0.0
13,32,pid_13/seg_00032.npz,-0.17605255544185638,0.023561997339129448,-0.5,0.0
13,33,pid_13/seg_00033.npz,-0.202218696475029,0.011165604926645756,-0.5,0.0
13,34,pid_13/seg_00034.npz,-0.16878162324428558,0.027650242671370506,-0.5,0.0
13,35,pid_13/seg_00035.npz,-0.17244429886341095,0.03301442787051201,-0.5,0.0
13,36,pid_13/seg_00036.npz,-0.2638092637062073,0.025928590446710587,-0.5,0.0
13,37,pid_13/seg_00037.npz,-0.2239186018705368,0.006829004734754562,-0.5,0.0
13,38,pid_13/seg_00038.npz,-0.25156745314598083,0.010024426504969597,-0.5,0.0
13,39,pid_13/seg_00039.npz,-0.16734296083450317,0.015142429620027542,-0.5,0.0
13,40,pid_13/seg_00040.npz,-0.22066034376621246,0.027896698564291,-0.5,0.0
13,41,pid_13/seg_00041.npz,-0.3822319805622101,0.00048102723667398095,-0.5,0.0
13,42,pid_13/seg_00042.npz,-0.3144238293170929,0.03514948859810829,-0.5,0.0
13,43,pid_13/seg_00043.npz,-0.251708447933197,0.025322098284959793,-0.5,0.0
13,44,pid_13/seg_00044.npz,-0.26369330286979675,0.02449444867670536,-0.5,0.0
13,45,pid_13/seg_00045.npz,-0.21383434534072876,0.01569153554737568,-0.5,0.0
13,46,pid_13/seg_00046.npz,-0.2707482874393463,0.022472435608506203,-0.5,0.0
13,47,pid_13/seg_00047.npz,-0.17695915699005127,0.038615673780441284,-0.5,0.0
13,48,pid_13/seg_00048.npz,-0.15111736953258514,0.046389687806367874,-0.5,0.0
13,49,pid_13/seg_00049.npz,-0.16814547777175903,0.014908555895090103,0.5,0.0
13,50,pid_13/seg_00050.npz,-0.18045830726623535,0.016896700486540794,0.5,0.0
13,51,pid_13/seg_00051.npz,-0.19527307152748108,0.02252369187772274,0.0,0.0
13,52,pid_13/seg_00052.npz,-0.2754558026790619,0.014519662596285343,0.0,0.0
13,53,pid_13/seg_00053.npz,-0.1135295107960701,-0.023479707539081573,0.0,0.0
13,54,pid_13/seg_00054.npz,-0.2108178287744522,-0.02077101357281208,0.0,0.0
13,55,pid_13/seg_00055.npz,-0.29637643694877625,0.005598335526883602,0.0,0.0
13,56,pid_13/seg_00056.npz,-0.42767393589019775,-0.01248633861541748,0.0,0.0
13,57,pid_13/seg_00057.npz,-0.17596645653247833,0.030988767743110657,0.0,0.0
13,58,pid_13/seg_00058.npz,-0.21247591078281403,0.026496315374970436,0.0,0.0
13,59,pid_13/seg_00059.npz,-0.27921098470687866,0.00853450782597065,0.0,0.0
13,60,pid_13/seg_00060.npz,-0.24857719242572784,0.014923698268830776,0.0,0.0
13,61,pid_13/seg_00061.npz,-0.28522351384162903,0.016801640391349792,0.0,0.0
13,62,pid_13/seg_00062.npz,-0.2415580153465271,0.01803722232580185,0.0,0.0
13,63,pid_13/seg_00063.npz,-0.16584336757659912,0.008300693705677986,0.0,0.0
13,64,pid_13/seg_00064.npz,-0.19701030850410461,0.009192166849970818,0.0,0.0
13,65,pid_13/seg_00065.npz,-0.16762414574623108,0.0007412562263198197,0.0,0.0
13,66,pid_13/seg_00066.npz,-0.32302993535995483,0.010320575907826424,0.0,0.0
13,67,pid_13/seg_00067.npz,-0.1913473755121231,0.016331186518073082,0.0,0.0
13,68,pid_13/seg_00068.npz,-0.2893330752849579,-0.006704804953187704,0.0,0.0
13,69,pid_13/seg_00069.npz,-0.19587105512619019,-0.02695903740823269,0.0,0.0
13,70,pid_13/seg_00070.npz,-0.10341101884841919,-0.0015905563486739993,0.0,0.0
13,71,pid_13/seg_00071.npz,-0.1461971551179886,0.022518012672662735,-0.5,0.0
13,72,pid_13/seg_00072.npz,-0.09261723607778549,0.022370770573616028,-0.5,0.0
13,73,pid_13/seg_00073.npz,-0.19118031859397888,0.02603146806359291,-0.5,0.0
13,74,pid_13/seg_00074.npz,-0.18313109874725342,0.030893417075276375,-0.5,0.0
13,75,pid_13/seg_00075.npz,-0.10830111056566238,0.03870341181755066,-0.5,0.0
13,76,pid_13/seg_00076.npz,-0.09460948407649994,0.026499256491661072,-0.5,0.0
13,77,pid_13/seg_00077.npz,-0.24437011778354645,0.00701239425688982,-0.5,0.0
13,78,pid_13/seg_00078.npz,-0.13879156112670898,0.02516217716038227,-0.5,0.0
13,79,pid_13/seg_00079.npz,-0.11153062433004379,0.05295203626155853,-0.5,0.0
13,80,pid_13/seg_00080.npz,-0.16000621020793915,0.03807532787322998,-0.5,0.0
13,81,pid_13/seg_00081.npz,-0.18568751215934753,0.011135919019579887,-0.5,0.0
13,82,pid_13/seg_00082.npz,-0.1478787362575531,0.012712209485471249,-0.5,0.0
13,83,pid_13/seg_00083.npz,-0.12958964705467224,-0.0001854724541772157,-0.5,0.0
13,84,pid_13/seg_00084.npz,-0.13043758273124695,0.03957223892211914,-0.5,0.0
13,85,pid_13/seg_00085.npz,-0.30708858370780945,0.013374721631407738,-0.5,0.0
13,86,pid_13/seg_00086.npz,-0.3226242661476135,0.009120171889662743,-0.5,0.0
13,87,pid_13/seg_00087.npz,-0.19465859234333038,0.02976592257618904,-0.5,0.0
13,88,pid_13/seg_00088.npz,-0.20045122504234314,0.022475529462099075,-0.5,0.0
13,89,pid_13/seg_00089.npz,-0.24151858687400818,0.014263319782912731,-0.5,0.0
13,90,pid_13/seg_00090.npz,-0.15660713613033295,0.029336685314774513,-0.5,0.0
13,91,pid_13/seg_00091.npz,-0.24786941707134247,0.011027352884411812,-0.5,0.0
13,92,pid_13/seg_00092.npz,-0.31464096903800964,-0.04205169901251793,-0.5,0.0
13,93,pid_13/seg_00093.npz,-0.259120911359787,-0.08528415858745575,-0.5,0.0
13,94,pid_13/seg_00094.npz,-0.24039719998836517,0.01620403677225113,-0.5,0.0
13,95,pid_13/seg_00095.npz,-0.15331877768039703,0.02855904959142208,-0.5,0.0
13,96,pid_13/seg_00096.npz,-0.2930619418621063,0.01168888434767723,-0.5,0.0
13,97,pid_13/seg_00097.npz,-0.16883312165737152,-0.013008671812713146,0.5,0.0
13,98,pid_13/seg_00098.npz,-0.2348947525024414,-0.026612961664795876,-0.5,0.0
13,99,pid_13/seg_00099.npz,-0.21975864470005035,-0.017280450090765953,0.0,0.0
13,100,pid_13/seg_00100.npz,-0.17116697132587433,-0.01418194267898798,0.0,0.0
13,101,pid_13/seg_00101.npz,-0.19896043837070465,0.041096992790699005,0.0,0.0
13,102,pid_13/seg_00102.npz,-0.1410670131444931,0.00609863456338644,-0.5,0.0
13,103,pid_13/seg_00103.npz,-0.09520615637302399,0.019172070547938347,-0.5,0.0
13,104,pid_13/seg_00104.npz,-0.22484704852104187,0.013792515732347965,-0.5,0.0
13,105,pid_13/seg_00105.npz,-0.2304825335741043,0.009299235418438911,-0.5,0.0
13,106,pid_13/seg_00106.npz,-0.20872734487056732,0.0024580140598118305,-0.5,0.0
13,107,pid_13/seg_00107.npz,-0.1575494110584259,0.025812344625592232,-0.5,0.0
13,108,pid_13/seg_00108.npz,-0.09525752067565918,-0.036112744361162186,-0.5,0.0
13,109,pid_13/seg_00109.npz,-0.10679186135530472,-0.032619066536426544,-0.5,0.0
13,110,pid_13/seg_00110.npz,-0.12298446148633957,-0.1728583723306656,-0.5,0.0
13,111,pid_13/seg_00111.npz,-0.10105302929878235,-0.15213564038276672,0.0,0.0
13,112,pid_13/seg_00112.npz,-0.18419873714447021,-0.03584548085927963,0.0,0.0
13,113,pid_13/seg_00113.npz,-0.16080495715141296,-0.005891702603548765,0.5,0.0
13,114,pid_13/seg_00114.npz,-0.2944079041481018,0.009394354186952114,-0.5,0.0
13,115,pid_13/seg_00115.npz,-0.09606350213289261,-0.007984914816915989,0.5,0.0
13,116,pid_13/seg_00116.npz,-0.17314912378787994,0.01770981401205063,-0.5,0.0
13,117,pid_13/seg_00117.npz,-0.1314244419336319,0.028828760609030724,0.5,0.0
13,118,pid_13/seg_00118.npz,-0.13817352056503296,0.013173861429095268,-0.5,0.0
13,119,pid_13/seg_00119.npz,-0.17763783037662506,0.0268273763358593,-0.5,0.0
13,120,pid_13/seg_00120.npz,-0.17816337943077087,0.019650408998131752,0.5,0.0
13,121,pid_13/seg_00121.npz,-0.2605050802230835,0.005277085117995739,0.0,0.0
13,122,pid_13/seg_00122.npz,-0.0844682902097702,0.06606167554855347,0.0,0.0
25,0,pid_25/seg_00000.npz,-0.11801543086767197,0.062101274728775024,0.0,0.5
25,1,pid_25/seg_00001.npz,0.010275539942085743,-0.103335440158844,0.0,0.0
25,2,pid_25/seg_00002.npz,-0.13689519464969635,0.03134842962026596,0.0,0.0
25,3,pid_25/seg_00003.npz,0.08472710847854614,0.011973011307418346,0.0,0.0
25,4,pid_25/seg_00004.npz,-0.10050539672374725,0.005291229113936424,0.0,0.0
25,5,pid_25/seg_00005.npz,-0.10563797503709793,0.014716542325913906,0.0,0.0
25,6,pid_25/seg_00006.npz,-0.1207268238067627,0.017197828739881516,0.0,0.0
25,7,pid_25/seg_00007.npz,-0.13241048157215118,0.026775280013680458,0.0,0.0
25,8,pid_25/seg_00008.npz,-0.11948628723621368,0.06958073377609253,0.0,0.0
25,9,pid_25/seg_00009.npz,-0.10509604215621948,0.06489600241184235,0.0,0.0
25,10,pid_25/seg_00010.npz,-0.1400298774242401,0.039421528577804565,0.0,0.0
25,11,pid_25/seg_00011.npz,-0.08891965448856354,0.05588751658797264,0.0,0.0
25,12,pid_25/seg_00012.npz,-0.07904171943664551,0.04980389401316643,0.0,0.0
25,13,pid_25/seg_00013.npz,0.0737757682800293,0.053636178374290466,0.0,0.0
25,14,pid_25/seg_00014.npz,0.05462097004055977,-0.06964336335659027,0.0,0.0
25,15,pid_25/seg_00015.npz,-0.10170786827802658,0.03934835270047188,0.0,0.0
25,16,pid_25/seg_00016.npz,-0.0790746659040451,0.009771937504410744,0.0,0.0
25,17,pid_25/seg_00017.npz,0.14972665905952454,-0.010119356215000153,0.0,0.0
25,18,pid_25/seg_00018.npz,0.1083126962184906,0.04822678118944168,0.0,0.0
25,19,pid_25/seg_00019.npz,0.12149492651224136,0.03695112466812134,0.5,0.5
25,20,pid_25/seg_00020.npz,0.06310348957777023,0.06939136981964111,0.0,0.0
25,21,pid_25/seg_00021.npz,0.011042498983442783,0.0982755720615387,0.0,0.0
25,22,pid_25/seg_00022.npz,0.1505337655544281,-0.011679012328386307,0.0,0.0
25,23,pid_25/seg_00023.npz,0.08447782695293427,0.04785910248756409,0.5,0.0
25,24,pid_25/seg_00024.npz,0.14157292246818542,-0.01135888323187828,0.5,0.0
25,25,pid_25/seg_00025.npz,0.12215426564216614,0.006655390840023756,0.5,0.0
25,26,pid_25/seg_00026.npz,0.10400750488042831,0.04393257573246956,0.0,0.0
25,27,pid_25/seg_00027.npz,0.10389827191829681,0.03345315530896187,0.0,0.0
25,28,pid_25/seg_00028.npz,0.09030716866254807,0.0557425431907177,0.0,0.0
25,29,pid_25/seg_00029.npz,0.12008994817733765,0.013707464560866356,0.0,0.0
25,30,pid_25/seg_00030.npz,0.039746690541505814,0.09553911536931992,0.0,0.0
25,31,pid_25/seg_00031.npz,0.10048417001962662,0.05171108618378639,0.0,0.0
25,32,pid_25/seg_00032.npz,0.08161468803882599,-0.048480525612831116,0.0,0.0
25,33,pid_25/seg_00033.npz,0.0416782982647419,0.07217659056186676,0.0,0.0
25,34,pid_25/seg_00034.npz,-0.0881463885307312,0.05190505459904671,0.0,0.0
25,35,pid_25/seg_00035.npz,-0.06777191907167435,0.05693802237510681,0.0,0.0
25,36,pid_25/seg_00036.npz,-0.07068696618080139,0.04748455435037613,0.0,0.0
25,37,pid_25/seg_00037.npz,-0.08515072613954544,0.05093647912144661,0.0,0.0
25,38,pid_25/seg_00038.npz,-0.08991450071334839,0.04156073182821274,0.0,0.0
25,39,pid_25/seg_00039.npz,-0.06457136571407318,-0.040542878210544586,0.0,0.0
25,40,pid_25/seg_00040.npz,-0.07782267034053802,0.03443320468068123,0.0,0.0
25,41,pid_25/seg_00041.npz,-0.08518104255199432,0.03032596968114376,0.0,0.0
25,42,pid_25/seg_00042.npz,-0.03835087642073631,0.07330472022294998,0.0,0.0
25,43,pid_25/seg_00043.npz,0.12718524038791656,-0.09928077459335327,0.0,0.0
25,44,pid_25/seg_00044.npz,-0.11406533420085907,0.037462737411260605,0.0,0.0
25,45,pid_25/seg_00045.npz,-0.06564059108495712,0.07171843945980072,0.0,0.0
25,46,pid_25/seg_00046.npz,-0.15477892756462097,0.016530051827430725,0.0,0.0
25,47,pid_25/seg_00047.npz,-0.11584817618131638,0.022039391100406647,0.0,0.0
25,48,pid_25/seg_00048.npz,-0.25155961513519287,0.03050963394343853,0.0,0.0
25,49,pid_25/seg_00049.npz,-0.05684531480073929,0.07022291421890259,0.0,0.0
25,50,pid_25/seg_00050.npz,0.021021390333771706,0.09987038373947144,0.5,0.0
25,51,pid_25/seg_00051.npz,0.09088490903377533,0.07352747768163681,0.5,0.0
25,52,pid_25/seg_00052.npz,-0.06017201766371727,0.07834062725305557,0.5,0.0
25,53,pid_25/seg_00053.npz,0.09888990223407745,0.057817015796899796,0.5,0.0
25,54,pid_25/seg_00054.npz,0.1288474202156067,0.02952115796506405,0.5,0.0
25,55,pid_25/seg_00055.npz,0.1002405434846878,0.04964321479201317,0.0,0.0
25,56,pid_25/seg_00056.npz,0.10904378443956375,-0.02735402248799801,0.0,0.0
25,57,pid_25/seg_00057.npz,0.09466378390789032,0.034277886152267456,0.0,0.0
25,58,pid_25/seg_00058.npz,0.10182080417871475,0.0728740394115448,0.0,0.0
25,59,pid_25/seg_00059.npz,0.12039290368556976,0.019643409177660942,0.0,0.0
25,60,pid_25/seg_00060.npz,-0.1080881878733635,0.07708626240491867,0.5,0.0
25,61,pid_25/seg_00061.npz,0.07471228390932083,0.0677991583943367,0.0,0.0
25,62,pid_25/seg_00062.npz,0.07217908650636673,0.0693427249789238,0.0,0.0
25,63,pid_25/seg_00063.npz,0.10165318846702576,0.0487939715385437,0.0,0.0
25,64,pid_25/seg_00064.npz,0.11315806955099106,0.06434306502342224,0.0,0.0
25,65,pid_25/seg_00065.npz,0.11457768082618713,0.04443986713886261,0.0,0.0
25,66,pid_25/seg_00066.npz,0.030879197642207146,0.1100570559501648,-0.5,0.0
25,67,pid_25/seg_00067.npz,-0.0025159227661788464,0.09001223742961884,0.0,0.0
25,68,pid_25/seg_00068.npz,-0.02025495655834675,-0.07716549187898636,0.0,0.0
25,69,pid_25/seg_00069.npz,0.21474704146385193,-0.23281913995742798,0.0,0.0
25,70,pid_25/seg_00070.npz,0.08366436511278152,-0.01930035650730133,0.0,0.0
25,71,pid_25/seg_00071.npz,-0.13392025232315063,0.025421904399991035,0.0,0.0
25,72,pid_25/seg_00072.npz,-0.15115474164485931,0.051681071519851685,0.0,0.0
25,73,pid_25/seg_00073.npz,-0.20469726622104645,0.05930032953619957,0.0,0.0
25,74,pid_25/seg_00074.npz,-0.1779923290014267,0.037830039858818054,0.0,0.0
25,75,pid_25/seg_00075.npz,-0.16916915774345398,0.042786624282598495,0.0,0.0
25,76,pid_25/seg_00076.npz,-0.17399410903453827,0.03186606615781784,0.0,0.0
25,77,pid_25/seg_00077.npz,-0.22276844084262848,0.033432476222515106,0.0,0.0
25,78,pid_25/seg_00078.npz,-0.23724493384361267,0.036934636533260345,0.0,0.0
25,79,pid_25/seg_00079.npz,-0.18015295267105103,0.0357845239341259,0.0,0.0
25,80,pid_25/seg_00080.npz,-0.20137766003608704,0.04402030631899834,0.0,0.0
25,81,pid_25/seg_00081.npz,-0.20935295522212982,0.00980136264115572,0.0,0.0
25,82,pid_25/seg_00082.npz,0.13813139498233795,-0.2409413903951645,0.0,0.0
25,83,pid_25/seg_00083.npz,0.12744921445846558,-0.16652163863182068,0.0,0.0
25,84,pid_25/seg_00084.npz,-0.0712118074297905,0.05119984969496727,0.0,0.0
25,85,pid_25/seg_00085.npz,-0.07793673127889633,0.022045528516173363,0.0,0.0
25,86,pid_25/seg_00086.npz,-0.0864638164639473,0.025546768680214882,0.0,0.0
25,87,pid_25/seg_00087.npz,0.03752873092889786,0.08683633804321289,0.0,0.0
25,88,pid_25/seg_00088.npz,0.10792174190282822,0.04121413454413414,0.5,0.5
25,89,pid_25/seg_00089.npz,0.11205722391605377,0.03135738521814346,0.0,0.0
25,90,pid_25/seg_00090.npz,0.04827379062771797,0.08776538819074631,0.5,0.0
25,91,pid_25/seg_00091.npz,0.08399516344070435,0.06878940016031265,0.0,0.0
25,92,pid_25/seg_00092.npz,0.07235884666442871,0.07728131115436554,0.0,0.0
25,93,pid_25/seg_00093.npz,-0.048189420253038406,0.09933007508516312,0.0,0.0
25,94,pid_25/seg_00094.npz,0.0846497043967247,0.07030832022428513,0.5,0.0
25,95,pid_25/seg_00095.npz,-0.0790543183684349,0.08420806378126144,0.5,0.0
25,96,pid_25/seg_00096.npz,0.03618204593658447,0.10845338553190231,0.5,0.0
25,97,pid_25/seg_00097.npz,0.054928530007600784,0.1008048728108406,0.0,0.0
25,98,pid_25/seg_00098.npz,-0.008073324337601662,0.0871400386095047,0.5,0.0
25,99,pid_25/seg_00099.npz,0.09308016300201416,0.07846289873123169,0.5,0.0
25,100,pid_25/seg_00100.npz,0.09222963452339172,0.07636748999357224,0.5,0.0
25,101,pid_25/seg_00101.npz,0.08614695072174072,0.09690815210342407,0.0,0.0
25,102,pid_25/seg_00102.npz,0.08320928364992142,0.08326210826635361,0.0,0.0
25,103,pid_25/seg_00103.npz,0.09976082295179367,0.0704105943441391,0.5,0.0
25,104,pid_25/seg_00104.npz,0.08532398194074631,0.0847334936261177,0.5,0.0
25,105,pid_25/seg_00105.npz,0.07955066859722137,0.0837053507566452,0.5,0.0
25,106,pid_25/seg_00106.npz,0.0425635427236557,0.08836257457733154,0.5,0.0
25,107,pid_25/seg_00107.npz,-0.09847798198461533,0.03643598034977913,0.5,0.0
25,108,pid_25/seg_00108.npz,-0.1004069522023201,0.054706037044525146,0.5,0.0
25,109,pid_25/seg_00109.npz,-0.13215360045433044,0.051934655755758286,0.0,0.0
25,110,pid_25/seg_00110.npz,-0.08051934838294983,0.03643093258142471,0.0,0.0
25,111,pid_25/seg_00111.npz,0.10148725658655167,0.027328461408615112,0.0,0.0
25,112,pid_25/seg_00112.npz,0.058080267161130905,0.10001391172409058,0.0,0.0
25,113,pid_25/seg_00113.npz,-0.11763115227222443,0.04876590520143509,0.0,0.0
25,114,pid_25/seg_00114.npz,-0.13526295125484467,0.03219044581055641,0.0,0.0
25,115,pid_25/seg_00115.npz,0.12039125710725784,0.06684482097625732,0.0,0.0
25,116,pid_25/seg_00116.npz,-0.10831694304943085,0.026182034984230995,0.5,0.5
25,117,pid_25/seg_00117.npz,-0.07629165798425674,0.0685146301984787,0.5,0.0
25,118,pid_25/seg_00118.npz,-0.10557882487773895,0.030812062323093414,0.0,0.0
25,119,pid_25/seg_00119.npz,-0.1340533345937729,0.049082182347774506,0.0,0.0
25,120,pid_25/seg_00120.npz,-0.12187229096889496,0.06504179537296295,0.0,0.5
25,121,pid_25/seg_00121.npz,0.10313311964273453,0.08131757378578186,0.0,0.5
25,122,pid_25/seg_00122.npz,0.10900340229272842,0.08674105256795883,0.0,0.5
25,123,pid_25/seg_00123.npz,-0.04327750205993652,0.10253900289535522,0.5,0.5
25,124,pid_25/seg_00124.npz,0.11305786669254303,0.04885211959481239,0.0,0.5
26,0,pid_26/seg_00000.npz,-0.03867359459400177,0.12424144893884659,0.0,0.5
26,1,pid_26/seg_00001.npz,0.08450482785701752,0.07829739153385162,0.0,0.0
26,2,pid_26/seg_00002.npz,-0.09021937102079391,0.08664223551750183,0.0,0.0
26,3,pid_26/seg_00003.npz,0.02701609767973423,0.11234045773744583,0.0,0.0
26,4,pid_26/seg_00004.npz,-0.0595187209546566,0.11378718912601471,0.0,0.0
26,5,pid_26/seg_00005.npz,-0.0003332242486067116,0.12512144446372986,0.0,0.0
26,6,pid_26/seg_00006.npz,-0.019903497770428658,0.12299685925245285,0.0,0.0
26,7,pid_26/seg_00007.npz,-0.17955487966537476,0.05692574754357338,0.0,0.0
26,8,pid_26/seg_00008.npz,-0.13209375739097595,0.07866599410772324,0.0,0.0
26,9,pid_26/seg_00009.npz,0.059642430394887924,0.09468289464712143,0.0,0.0
26,10,pid_26/seg_00010.npz,-0.07671920955181122,0.11480437219142914,0.0,0.0
26,11,pid_26/seg_00011.npz,-0.11457054316997528,0.09347759932279587,0.0,0.0
26,12,pid_26/seg_00012.npz,-0.04196341335773468,0.12132265418767929,0.0,0.0
26,13,pid_26/seg_00013.npz,-0.13446044921875,0.08078039437532425,0.0,0.0
26,14,pid_26/seg_00014.npz,-0.03387097269296646,0.11096891760826111,0.0,0.0
26,15,pid_26/seg_00015.npz,-0.05958892032504082,0.11005320399999619,0.0,0.0
26,16,pid_26/seg_00016.npz,-0.08148246258497238,0.1080901101231575,0.0,0.0
26,17,pid_26/seg_00017.npz,0.07466453313827515,0.09984861314296722,0.0,0.5
26,18,pid_26/seg_00018.npz,0.033846039324998856,0.12332235276699066,0.5,0.5
26,19,pid_26/seg_00019.npz,0.0017102780984714627,0.1261373609304428,0.5,0.5
26,20,pid_26/seg_00020.npz,0.07847066968679428,0.09709482640028,0.5,0.5
26,21,pid_26/seg_00021.npz,0.11211930960416794,0.06787678599357605,0.5,0.5
26,22,pid_26/seg_00022.npz,-0.013593102805316448,0.1299901157617569,0.5,0.5
26,23,pid_26/seg_00023.npz,-0.07981511950492859,0.11207829415798187,0.5,0.5
26,24,pid_26/seg_00024.npz,0.08362910151481628,0.09386946260929108,0.5,0.5
26,25,pid_26/seg_00025.npz,0.04318247735500336,0.10021807253360748,0.5,0.5
26,26,pid_26/seg_00026.npz,0.010122913867235184,0.12121297419071198,0.5,0.5
26,27,pid_26/seg_00027.npz,-0.05080295354127884,0.1285913586616516,0.5,0.5
26,28,pid_26/seg_00028.npz,0.033734336495399475,0.12795060873031616,0.5,0.5
26,29,pid_26/seg_00029.npz,0.020521333441138268,0.11944302171468735,0.5,0.5
26,30,pid_26/seg_00030.npz,-0.10345157235860825,0.10237500816583633,0.5,0.5
26,31,pid_26/seg_00031.npz,-0.009393949992954731,0.1299356371164322,0.5,0.5
26,32,pid_26/seg_00032.npz,-0.1038476824760437,0.09512489289045334,0.5,0.5
26,33,pid_26/seg_00033.npz,-0.1918017566204071,0.07305876165628433,0.0,0.0
26,34,pid_26/seg_00034.npz,-0.1541564166545868,0.07825130224227905,0.0,0.0
26,35,pid_26/seg_00035.npz,-0.11302433907985687,0.09559086710214615,0.0,0.0
26,36,pid_26/seg_00036.npz,0.03972404822707176,0.11275137215852737,0.0,0.0
26,37,pid_26/seg_00037.npz,-0.10543935000896454,0.11516908556222916,0.0,0.0
26,38,pid_26/seg_00038.npz,-0.10217118263244629,0.10066785663366318,0.0,0.0
26,39,pid_26/seg_00039.npz,-0.02730507403612137,0.12633031606674194,0.0,0.0
26,40,pid_26/seg_00040.npz,-0.026572750881314278,0.12936891615390778,0.0,0.0
26,41,pid_26/seg_00041.npz,0.03708910569548607,0.12375122308731079,-0.5,0.0
26,42,pid_26/seg_00042.npz,-0.07324786484241486,0.1197066381573677,-0.5,0.0
26,43,pid_26/seg_00043.npz,-0.16982834041118622,0.07594603300094604,0.0,0.0
26,44,pid_26/seg_00044.npz,-0.0956285297870636,0.09924541413784027,0.0,0.0
26,45,pid_26/seg_00045.npz,0.03569098562002182,0.11766168475151062,0.0,0.0
26,46,pid_26/seg_00046.npz,0.04072003811597824,0.11421746760606766,0.0,0.0
26,47,pid_26/seg_00047.npz,0.0025535898748785257,0.1283930242061615,0.0,0.0
26,48,pid_26/seg_00048.npz,-0.08446953445672989,0.10928180068731308,0.0,0.0
26,49,pid_26/seg_00049.npz,-0.10152807086706161,0.10340502113103867,0.0,0.0
26,50,pid_26/seg_00050.npz,-0.012326047755777836,0.1255023181438446,0.0,0.5
26,51,pid_26/seg_00051.npz,-0.010607537813484669,0.12990443408489227,0.0,0.5
26,52,pid_26/seg_00052.npz,0.06690932810306549,0.11472681164741516,0.5,0.5
26,53,pid_26/seg_00053.npz,-0.03523566573858261,0.122708261013031,0.5,0.5
26,54,pid_26/seg_00054.npz,0.05115807428956032,0.11734366416931152,0.0,0.5
26,55,pid_26/seg_00055.npz,-0.19595174491405487,0.07186700403690338,0.5,0.5
26,56,pid_26/seg_00056.npz,-0.0007323029567487538,0.13122853636741638,0.0,0.5
26,57,pid_26/seg_00057.npz,-0.1111692264676094,0.07477428019046783,0.0,0.5
26,58,pid_26/seg_00058.npz,-0.10632463544607162,0.10570131987333298,0.0,0.5
26,59,pid_26/seg_00059.npz,-0.02900000847876072,0.13027183711528778,0.5,0.5
26,60,pid_26/seg_00060.npz,-0.03385816887021065,0.13910140097141266,0.0,0.5
26,61,pid_26/seg_00061.npz,-0.25523895025253296,0.04078339785337448,0.5,0.5
26,62,pid_26/seg_00062.npz,-0.07339631766080856,0.10923095792531967,0.5,0.5
26,63,pid_26/seg_00063.npz,0.03306782245635986,0.12354099005460739,0.0,0.5
26,64,pid_26/seg_00064.npz,-0.08638150244951248,0.13141606748104095,0.5,0.5
26,65,pid_26/seg_00065.npz,-0.12478870898485184,0.07330896705389023,0.5,0.5
26,66,pid_26/seg_00066.npz,-0.1286509931087494,0.08458290249109268,0.5,0.5
26,67,pid_26/seg_00067.npz,0.01618707738816738,0.10503365099430084,0.0,0.0
26,68,pid_26/seg_00068.npz,-0.12623272836208344,0.0952298492193222,0.0,0.0
26,69,pid_26/seg_00069.npz,-0.12243356555700302,0.08995796740055084,0.0,0.0
26,70,pid_26/seg_00070.npz,-0.10816528648138046,0.10298848897218704,0.0,0.0
26,71,pid_26/seg_00071.npz,-0.09282854199409485,0.09755001962184906,0.0,0.0
26,72,pid_26/seg_00072.npz,-0.05344795808196068,0.11974386870861053,0.0,0.0
26,73,pid_26/seg_00073.npz,-0.15238025784492493,0.0793331041932106,0.5,0.0
26,74,pid_26/seg_00074.npz,-0.11357121169567108,0.09147660434246063,0.0,0.0
26,75,pid_26/seg_00075.npz,-0.01933284103870392,0.11902900785207748,0.0,0.0
26,76,pid_26/seg_00076.npz,-0.21115908026695251,0.06498939543962479,0.0,0.0
26,77,pid_26/seg_00077.npz,-0.19069959223270416,0.07162407040596008,0.0,0.0
26,78,pid_26/seg_00078.npz,-0.1397058665752411,0.07648448646068573,0.0,0.0
26,79,pid_26/seg_00079.npz,-0.029761822894215584,0.11621449887752533,0.0,0.0
26,80,pid_26/seg_00080.npz,-0.16862711310386658,0.08598505705595016,0.0,0.0
26,81,pid_26/seg_00081.npz,-0.11409154534339905,0.09570082277059555,0.0,0.0
26,82,pid_26/seg_00082.npz,0.007645982317626476,0.12343711405992508,0.0,0.0
26,83,pid_26/seg_00083.npz,0.028327684849500656,0.1177506148815155,0.0,0.0
26,84,pid_26/seg_00084.npz,-0.041448988020420074,0.12063151597976685,0.0,0.0
26,85,pid_26/seg_00085.npz,0.06722276657819748,0.09180761873722076,0.0,0.0
26,86,pid_26/seg_00086.npz,0.06569792330265045,0.10337737202644348,0.0,0.0
26,87,pid_26/seg_00087.npz,-0.1020214632153511,0.09431584179401398,0.0,0.0
26,88,pid_26/seg_00088.npz,0.08766983449459076,0.0805065706372261,0.0,0.5
26,89,pid_26/seg_00089.npz,0.05115702375769615,0.11144289374351501,0.5,0.5
26,90,pid_26/seg_00090.npz,0.06877722591161728,0.10829734802246094,0.0,0.5
26,91,pid_26/seg_00091.npz,0.08036435395479202,0.08984341472387314,0.5,0.5
26,92,pid_26/seg_00092.npz,-0.017938023433089256,0.12610478699207306,0.5,0.5
26,93,pid_26/seg_00093.npz,-0.11371055990457535,0.08612231910228729,0.5,0.5
26,94,pid_26/seg_00094.npz,0.00225520646199584,0.12387238442897797,0.5,0.5
26,95,pid_26/seg_00095.npz,-0.0273436326533556,0.1255536824464798,0.5,0.5
26,96,pid_26/seg_00096.npz,0.04083885997533798,0.11372905224561691,0.5,0.5
26,97,pid_26/seg_00097.npz,-0.142340287566185,0.07378785312175751,0.5,0.5
26,98,pid_26/seg_00098.npz,0.05411628633737564,0.11412293463945389,0.5,0.5
26,99,pid_26/seg_00099.npz,0.014298760332167149,0.1344793140888214,0.5,0.5
26,100,pid_26/seg_00100.npz,-0.04179210960865021,0.13520677387714386,0.5,0.5
26,101,pid_26/seg_00101.npz,-0.03647780790925026,0.12494754791259766,0.5,0.5
26,102,pid_26/seg_00102.npz,-0.09131255000829697,0.1280573457479477,0.5,0.5
26,103,pid_26/seg_00103.npz,-0.21348673105239868,0.07378631830215454,0.5,0.0
26,104,pid_26/seg_00104.npz,-0.09470190852880478,0.08745791763067245,0.0,0.0
26,105,pid_26/seg_00105.npz,0.015782583504915237,0.12492120265960693,0.5,0.0
26,106,pid_26/seg_00106.npz,0.0694069117307663,0.10059916228055954,0.0,0.0
26,107,pid_26/seg_00107.npz,-0.03017198108136654,0.1283007711172104,0.0,0.0
26,108,pid_26/seg_00108.npz,-0.17370182275772095,0.06695868074893951,0.5,0.0
26,109,pid_26/seg_00109.npz,-0.06983295828104019,0.10579525679349899,0.5,0.0
26,110,pid_26/seg_00110.npz,-0.10248949378728867,0.10654620081186295,0.0,0.0
26,111,pid_26/seg_00111.npz,-0.019911183044314384,0.1447463482618332,0.0,0.0
26,112,pid_26/seg_00112.npz,-0.13467207551002502,0.0877121239900589,0.5,0.0
26,113,pid_26/seg_00113.npz,-0.1509743481874466,0.09672947973012924,0.0,0.0
26,114,pid_26/seg_00114.npz,0.03749780356884003,0.11691185086965561,0.5,0.5
26,115,pid_26/seg_00115.npz,0.09275439381599426,0.0865011140704155,0.0,0.5
26,116,pid_26/seg_00116.npz,-0.03378184884786606,0.11927395313978195,0.5,0.5
26,117,pid_26/seg_00117.npz,-0.08031952381134033,0.10706488788127899,0.5,0.0
26,118,pid_26/seg_00118.npz,-0.11615850031375885,0.09812527149915695,0.0,0.0
26,119,pid_26/seg_00119.npz,-0.15334385633468628,0.08805858343839645,0.0,0.0
26,120,pid_26/seg_00120.npz,-0.0446629598736763,0.1204320639371872,0.0,0.0
26,121,pid_26/seg_00121.npz,0.10272573679685593,0.0921015813946724,0.0,0.5
26,122,pid_26/seg_00122.npz,-0.07390264421701431,0.11833877861499786,0.5,0.5
26,123,pid_26/seg_00123.npz,0.11927720159292221,0.05490846186876297,0.0,0.5
26,124,pid_26/seg_00124.npz,0.06606408208608627,0.10798117518424988,0.0,0.5
